time,ticker,close
2014-01-02,PHARMA,12.298333333333334
2014-01-03,PHARMA,12.4225
2014-01-06,PHARMA,12.585833333333332
2014-01-07,PHARMA,12.521666666666668
2014-01-08,PHARMA,12.66125
2014-01-09,PHARMA,12.675
2014-01-10,PHARMA,12.79125
2014-01-13,PHARMA,12.735416666666666
2014-01-14,PHARMA,12.765
2014-01-15,PHARMA,13.015
2014-01-16,PHARMA,12.878749999999998
2014-01-17,PHARMA,12.927916666666668
2014-01-20,PHARMA,12.887083333333337
2014-01-21,PHARMA,12.97375
2014-01-22,PHARMA,12.95625
2014-01-23,PHARMA,13.000833333333333
2014-01-24,PHARMA,13.07
2014-01-27,PHARMA,13.368333333333332
2014-02-06,PHARMA,13.463333333333331
2014-02-07,PHARMA,13.396666666666668
2014-02-10,PHARMA,13.475416666666666
2014-02-11,PHARMA,13.519166666666663
2014-02-12,PHARMA,13.760833333333332
2014-02-13,PHARMA,13.714583333333332
2014-02-14,PHARMA,13.698333333333332
2014-02-17,PHARMA,13.719166666666666
2014-02-18,PHARMA,13.672083333333331
2014-02-19,PHARMA,13.832083333333332
2014-02-20,PHARMA,13.609166666666669
2014-02-21,PHARMA,13.714999999999998
2014-02-24,PHARMA,13.71625
2014-02-25,PHARMA,13.684166666666668
2014-02-26,PHARMA,13.705
2014-02-27,PHARMA,13.645833333333334
2014-02-28,PHARMA,13.792916666666668
2014-03-03,PHARMA,13.782916666666669
2014-03-04,PHARMA,13.839166666666666
2014-03-05,PHARMA,13.987916666666663
2014-03-06,PHARMA,14.1625
2014-03-07,PHARMA,14.241666666666667
2014-03-10,PHARMA,14.298333333333334
2014-03-11,PHARMA,14.353333333333332
2014-03-12,PHARMA,14.458333333333334
2014-03-13,PHARMA,14.35125
2014-03-14,PHARMA,14.425416666666663
2014-03-17,PHARMA,14.511666666666663
2014-03-18,PHARMA,14.524166666666668
2014-03-19,PHARMA,14.538333333333334
2014-03-20,PHARMA,14.545416666666666
2014-03-21,PHARMA,14.385416666666666
2014-03-24,PHARMA,14.65625
2014-03-25,PHARMA,14.784166666666666
2014-03-26,PHARMA,14.597499999999998
2014-03-27,PHARMA,14.635833333333332
2014-03-28,PHARMA,14.485
2014-03-31,PHARMA,14.422083333333331
2014-04-01,PHARMA,14.248333333333331
2014-04-02,PHARMA,14.17625
2014-04-03,PHARMA,14.429166666666667
2014-04-04,PHARMA,14.450416666666667
2014-04-07,PHARMA,14.368333333333334
2014-04-08,PHARMA,14.288333333333334
2014-04-10,PHARMA,14.250416666666666
2014-04-11,PHARMA,14.174583333333333
2014-04-14,PHARMA,14.035833333333334
2014-04-15,PHARMA,13.93625
2014-04-16,PHARMA,13.943333333333332
2014-04-17,PHARMA,13.927083333333334
2014-04-18,PHARMA,13.733333333333334
2014-04-21,PHARMA,13.615416666666668
2014-04-22,PHARMA,13.603333333333332
2014-04-23,PHARMA,13.601666666666668
2014-04-24,PHARMA,13.679583333333332
2014-04-25,PHARMA,13.658333333333331
2014-04-28,PHARMA,13.564583333333331
2014-04-29,PHARMA,13.532083333333333
2014-05-05,PHARMA,13.569583333333334
2014-05-06,PHARMA,13.484583333333331
2014-05-07,PHARMA,13.534166666666666
2014-05-08,PHARMA,13.075833333333334
2014-05-09,PHARMA,13.15
2014-05-12,PHARMA,12.673333333333334
2014-05-13,PHARMA,12.597916666666668
2014-05-14,PHARMA,12.722916666666668
2014-05-15,PHARMA,12.749166666666667
2014-05-16,PHARMA,12.867916666666666
2014-05-19,PHARMA,13.095416666666669
2014-05-20,PHARMA,12.990833333333336
2014-05-21,PHARMA,13.11875
2014-05-22,PHARMA,13.059166666666668
2014-05-23,PHARMA,13.077916666666669
2014-05-26,PHARMA,13.037083333333332
2014-05-27,PHARMA,13.182916666666666
2014-05-28,PHARMA,13.224583333333332
2014-05-29,PHARMA,13.14625
2014-05-30,PHARMA,13.139166666666666
2014-06-02,PHARMA,13.116666666666667
2014-06-03,PHARMA,13.090833333333334
2014-06-04,PHARMA,12.960416666666667
2014-06-05,PHARMA,13.092083333333331
2014-06-06,PHARMA,13.11875
2014-06-09,PHARMA,13.129583333333334
2014-06-10,PHARMA,13.189166666666669
2014-06-11,PHARMA,12.852916666666664
2014-06-12,PHARMA,12.885416666666666
2014-06-13,PHARMA,13.005833333333332
2014-06-16,PHARMA,12.984166666666669
2014-06-17,PHARMA,12.961666666666666
2014-06-18,PHARMA,13.02625
2014-06-19,PHARMA,13.000416666666666
2014-06-20,PHARMA,12.98875
2014-06-23,PHARMA,12.975
2014-06-24,PHARMA,12.925833333333337
2014-06-25,PHARMA,12.4252
2014-06-26,PHARMA,12.3984
2014-06-27,PHARMA,12.4364
2014-06-30,PHARMA,12.6576
2014-07-01,PHARMA,13.15
2014-07-02,PHARMA,13.408
2014-07-03,PHARMA,13.4448
2014-07-04,PHARMA,13.349200000000002
2014-07-07,PHARMA,13.4872
2014-07-08,PHARMA,13.5408
2014-07-09,PHARMA,13.2644
2014-07-10,PHARMA,13.268
2014-07-11,PHARMA,13.2968
2014-07-14,PHARMA,13.37
2014-07-15,PHARMA,13.3764
2014-07-16,PHARMA,13.382
2014-07-17,PHARMA,13.3544
2014-07-18,PHARMA,13.0152
2014-07-21,PHARMA,13.0132
2014-07-22,PHARMA,13.1612
2014-07-23,PHARMA,13.1524
2014-07-24,PHARMA,13.2788
2014-07-25,PHARMA,13.2216
2014-07-28,PHARMA,12.8056
2014-07-29,PHARMA,12.8356
2014-07-30,PHARMA,12.7028
2014-07-31,PHARMA,12.6908
2014-08-01,PHARMA,12.6608
2014-08-04,PHARMA,12.772
2014-08-05,PHARMA,12.8724
2014-08-06,PHARMA,12.826
2014-08-07,PHARMA,12.762
2014-08-08,PHARMA,12.726
2014-08-11,PHARMA,12.861199999999998
2014-08-12,PHARMA,12.8296
2014-08-13,PHARMA,12.8468
2014-08-14,PHARMA,13.0116
2014-08-15,PHARMA,12.9576
2014-08-18,PHARMA,13.0604
2014-08-19,PHARMA,13.038799999999998
2014-08-20,PHARMA,13.158
2014-08-21,PHARMA,13.18
2014-08-22,PHARMA,13.291199999999998
2014-08-25,PHARMA,13.2592
2014-08-26,PHARMA,13.281199999999998
2014-08-27,PHARMA,13.4772
2014-08-28,PHARMA,13.5776
2014-08-29,PHARMA,13.6764
2014-09-03,PHARMA,13.6864
2014-09-04,PHARMA,13.5916
2014-09-05,PHARMA,13.6868
2014-09-08,PHARMA,13.556
2014-09-09,PHARMA,13.4052
2014-09-10,PHARMA,13.394
2014-09-11,PHARMA,13.538
2014-09-12,PHARMA,13.531199999999998
2014-09-15,PHARMA,13.458
2014-09-16,PHARMA,13.486
2014-09-17,PHARMA,13.6556
2014-09-18,PHARMA,13.4824
2014-09-19,PHARMA,13.5604
2014-09-22,PHARMA,13.3084
2014-09-23,PHARMA,13.2232
2014-09-24,PHARMA,13.3056
2014-09-25,PHARMA,13.386400000000002
2014-09-26,PHARMA,13.4752
2014-09-29,PHARMA,13.468799999999998
2014-09-30,PHARMA,13.4308
2014-10-01,PHARMA,13.432
2014-10-02,PHARMA,13.5008
2014-10-03,PHARMA,13.638799999999998
2014-10-06,PHARMA,13.6448
2014-10-07,PHARMA,13.8248
2014-10-08,PHARMA,13.81
2014-10-09,PHARMA,13.748399999999998
2014-10-10,PHARMA,13.6676
2014-10-13,PHARMA,13.5688
2014-10-14,PHARMA,13.53
2014-10-15,PHARMA,13.5192
2014-10-16,PHARMA,13.3736
2014-10-17,PHARMA,13.5176
2014-10-20,PHARMA,13.488
2014-10-21,PHARMA,13.4408
2014-10-22,PHARMA,13.5212
2014-10-23,PHARMA,13.412
2014-10-24,PHARMA,13.501600000000002
2014-10-27,PHARMA,13.2344
2014-10-28,PHARMA,13.2924
2014-10-29,PHARMA,13.376
2014-10-30,PHARMA,13.4448
2014-10-31,PHARMA,13.5496
2014-11-03,PHARMA,13.59
2014-11-04,PHARMA,13.612
2014-11-05,PHARMA,13.6368
2014-11-06,PHARMA,13.6272
2014-11-07,PHARMA,13.692
2014-11-10,PHARMA,13.89
2014-11-11,PHARMA,13.794
2014-11-12,PHARMA,13.7592
2014-11-13,PHARMA,13.7248
2014-11-14,PHARMA,13.6648
2014-11-17,PHARMA,13.7924
2014-11-18,PHARMA,13.8272
2014-11-19,PHARMA,13.8148
2014-11-20,PHARMA,13.856
2014-11-21,PHARMA,13.9112
2014-11-24,PHARMA,13.8348
2014-11-25,PHARMA,13.8584
2014-11-26,PHARMA,13.9596
2014-11-27,PHARMA,13.8732
2014-11-28,PHARMA,14.1108
2014-12-01,PHARMA,14.0208
2014-12-02,PHARMA,14.0552
2014-12-03,PHARMA,13.8916
2014-12-04,PHARMA,13.9548
2014-12-05,PHARMA,13.984000000000002
2014-12-08,PHARMA,13.8664
2014-12-09,PHARMA,13.5436
2014-12-10,PHARMA,13.744000000000002
2014-12-11,PHARMA,13.6612
2014-12-12,PHARMA,13.6528
2014-12-15,PHARMA,13.5804
2014-12-16,PHARMA,13.5468
2014-12-17,PHARMA,13.4884
2014-12-18,PHARMA,13.5496
2014-12-19,PHARMA,13.4552
2014-12-22,PHARMA,13.61
2014-12-23,PHARMA,13.6412
2014-12-24,PHARMA,13.7108
2014-12-25,PHARMA,13.648
2014-12-26,PHARMA,13.572
2014-12-29,PHARMA,13.5496
2014-12-30,PHARMA,13.5832
2014-12-31,PHARMA,13.8136
2015-01-05,PHARMA,13.752
2015-01-06,PHARMA,13.6948
2015-01-07,PHARMA,13.6052
2015-01-08,PHARMA,13.5572
2015-01-09,PHARMA,13.650799999999998
2015-01-12,PHARMA,13.5792
2015-01-13,PHARMA,13.6304
2015-01-14,PHARMA,13.704
2015-01-15,PHARMA,13.728
2015-01-16,PHARMA,13.8072
2015-01-19,PHARMA,13.7656
2015-01-20,PHARMA,13.806
2015-01-21,PHARMA,13.9176
2015-01-22,PHARMA,13.8816
2015-01-23,PHARMA,13.858
2015-01-26,PHARMA,13.951199999999998
2015-01-27,PHARMA,13.932
2015-01-28,PHARMA,13.8068
2015-01-29,PHARMA,13.8824
2015-01-30,PHARMA,13.99
2015-02-02,PHARMA,14.026
2015-02-03,PHARMA,13.9992
2015-02-04,PHARMA,14.024
2015-02-05,PHARMA,14.0736
2015-02-06,PHARMA,14.082
2015-02-09,PHARMA,14.0496
2015-02-10,PHARMA,13.986
2015-02-11,PHARMA,14.056
2015-02-12,PHARMA,14.0352
2015-02-13,PHARMA,14.1108
2015-02-24,PHARMA,14.0892
2015-02-25,PHARMA,14.0084
2015-02-26,PHARMA,14.1208
2015-02-27,PHARMA,14.372
2015-03-02,PHARMA,14.2376
2015-03-03,PHARMA,14.2944
2015-03-04,PHARMA,14.316400000000002
2015-03-05,PHARMA,14.3176
2015-03-06,PHARMA,14.2772
2015-03-09,PHARMA,14.2064
2015-03-10,PHARMA,14.2464
2015-03-11,PHARMA,14.2928
2015-03-12,PHARMA,14.418
2015-03-13,PHARMA,14.2308
2015-03-16,PHARMA,14.2248
2015-03-17,PHARMA,14.2068
2015-03-18,PHARMA,14.1156
2015-03-19,PHARMA,14.114
2015-03-20,PHARMA,13.9772
2015-03-23,PHARMA,13.958799999999998
2015-03-24,PHARMA,13.8168
2015-03-25,PHARMA,13.7436
2015-03-26,PHARMA,13.7492
2015-03-27,PHARMA,13.7104
2015-03-30,PHARMA,13.73
2015-03-31,PHARMA,13.7688
2015-04-01,PHARMA,13.7796
2015-04-02,PHARMA,13.7832
2015-04-03,PHARMA,13.748399999999998
2015-04-06,PHARMA,13.6704
2015-04-07,PHARMA,13.7648
2015-04-08,PHARMA,13.781199999999998
2015-04-09,PHARMA,13.8668
2015-04-10,PHARMA,13.872
2015-04-13,PHARMA,13.7552
2015-04-14,PHARMA,13.7164
2015-04-15,PHARMA,13.7836
2015-04-16,PHARMA,13.834
2015-04-17,PHARMA,13.8372
2015-04-20,PHARMA,13.7824
2015-04-21,PHARMA,13.7524
2015-04-22,PHARMA,13.8004
2015-04-23,PHARMA,13.8496
2015-04-24,PHARMA,13.862
2015-04-27,PHARMA,13.942
2015-05-04,PHARMA,13.8564
2015-05-05,PHARMA,13.9036
2015-05-06,PHARMA,13.828399999999998
2015-05-07,PHARMA,13.9136
2015-05-08,PHARMA,13.878
2015-05-11,PHARMA,13.6708
2015-05-12,PHARMA,13.6744
2015-05-13,PHARMA,13.628800000000002
2015-05-14,PHARMA,13.7156
2015-05-15,PHARMA,13.5592
2015-05-18,PHARMA,13.4228
2015-05-19,PHARMA,13.4416
2015-05-20,PHARMA,13.5984
2015-05-21,PHARMA,13.595999999999998
2015-05-22,PHARMA,13.6888
2015-05-25,PHARMA,13.9444
2015-05-26,PHARMA,13.9112
2015-05-27,PHARMA,13.9096
2015-05-28,PHARMA,14.0172
2015-05-29,PHARMA,14.0372
2015-06-01,PHARMA,14.0
2015-06-02,PHARMA,13.8748
2015-06-03,PHARMA,13.842
2015-06-04,PHARMA,13.8368
2015-06-05,PHARMA,13.8344
2015-06-08,PHARMA,13.9244
2015-06-09,PHARMA,13.7312
2015-06-10,PHARMA,13.6328
2015-06-11,PHARMA,13.6544
2015-06-12,PHARMA,13.53
2015-06-15,PHARMA,13.4912
2015-06-16,PHARMA,13.438
2015-06-17,PHARMA,13.4132
2015-06-18,PHARMA,13.2984
2015-06-19,PHARMA,13.1976
2015-06-22,PHARMA,13.1724
2015-06-23,PHARMA,13.2172
2015-06-24,PHARMA,13.3108
2015-06-25,PHARMA,13.3896
2015-06-26,PHARMA,13.3216
2015-06-29,PHARMA,13.208
2015-06-30,PHARMA,13.27
2015-07-01,PHARMA,12.8692
2015-07-02,PHARMA,13.1176
2015-07-03,PHARMA,13.0624
2015-07-06,PHARMA,13.2016
2015-07-07,PHARMA,13.2992
2015-07-08,PHARMA,13.222
2015-07-09,PHARMA,13.04
2015-07-10,PHARMA,13.202
2015-07-13,PHARMA,13.25
2015-07-14,PHARMA,13.0752
2015-07-15,PHARMA,13.1016
2015-07-16,PHARMA,13.0364
2015-07-17,PHARMA,12.674615384615386
2015-07-20,PHARMA,12.646538461538462
2015-07-21,PHARMA,12.60653846153846
2015-07-22,PHARMA,12.52576923076923
2015-07-23,PHARMA,12.561923076923078
2015-07-24,PHARMA,12.627692307692309
2015-07-27,PHARMA,12.716153846153846
2015-07-28,PHARMA,12.651153846153846
2015-07-29,PHARMA,12.492692307692309
2015-07-30,PHARMA,12.584615384615384
2015-07-31,PHARMA,12.559615384615386
2015-08-03,PHARMA,12.503461538461538
2015-08-04,PHARMA,12.565769230769233
2015-08-05,PHARMA,12.602307692307694
2015-08-06,PHARMA,12.756153846153849
2015-08-07,PHARMA,12.621153846153844
2015-08-10,PHARMA,12.654230769230768
2015-08-11,PHARMA,12.573076923076922
2015-08-12,PHARMA,12.614230769230767
2015-08-13,PHARMA,12.39576923076923
2015-08-14,PHARMA,12.356923076923076
2015-08-17,PHARMA,12.286153846153846
2015-08-18,PHARMA,12.267307692307693
2015-08-19,PHARMA,12.247307692307691
2015-08-20,PHARMA,12.201538461538462
2015-08-21,PHARMA,12.194230769230767
2015-08-24,PHARMA,11.811923076923078
2015-08-25,PHARMA,11.988846153846152
2015-08-26,PHARMA,11.944615384615386
2015-08-27,PHARMA,12.235384615384616
2015-08-28,PHARMA,12.199615384615385
2015-08-31,PHARMA,12.33153846153846
2015-09-01,PHARMA,12.123461538461536
2015-09-03,PHARMA,12.177692307692308
2015-09-04,PHARMA,12.343076923076923
2015-09-07,PHARMA,12.3
2015-09-08,PHARMA,12.170769230769231
2015-09-09,PHARMA,12.268846153846154
2015-09-10,PHARMA,12.081153846153846
2015-09-11,PHARMA,12.173461538461538
2015-09-14,PHARMA,11.677407407407408
2015-09-15,PHARMA,11.93
2015-09-16,PHARMA,11.885555555555555
2015-09-17,PHARMA,11.924444444444443
2015-09-18,PHARMA,12.024074074074074
2015-09-21,PHARMA,11.842222222222222
2015-09-22,PHARMA,12.007037037037035
2015-09-23,PHARMA,11.94814814814815
2015-09-24,PHARMA,12.04814814814815
2015-09-25,PHARMA,12.019629629629629
2015-09-28,PHARMA,12.015185185185183
2015-09-29,PHARMA,11.990370370370371
2015-09-30,PHARMA,12.125555555555556
2015-10-01,PHARMA,12.124814814814815
2015-10-02,PHARMA,11.937037037037037
2015-10-05,PHARMA,12.075185185185184
2015-10-06,PHARMA,11.535714285714286
2015-10-07,PHARMA,11.598928571428573
2015-10-08,PHARMA,11.508928571428571
2015-10-09,PHARMA,11.593214285714286
2015-10-12,PHARMA,11.456785714285717
2015-10-13,PHARMA,11.583571428571428
2015-10-14,PHARMA,11.611428571428572
2015-10-15,PHARMA,11.548928571428572
2015-10-16,PHARMA,11.49464285714286
2015-10-19,PHARMA,11.441071428571428
2015-10-20,PHARMA,11.933214285714286
2015-10-21,PHARMA,11.984285714285717
2015-10-22,PHARMA,11.965714285714286
2015-10-23,PHARMA,11.941785714285714
2015-10-26,PHARMA,12.037857142857144
2015-10-27,PHARMA,12.05714285714286
2015-10-28,PHARMA,11.906785714285714
2015-10-29,PHARMA,12.120357142857143
2015-10-30,PHARMA,12.118214285714286
2015-11-02,PHARMA,12.051428571428572
2015-11-03,PHARMA,12.030714285714286
2015-11-04,PHARMA,12.002857142857142
2015-11-05,PHARMA,12.009642857142856
2015-11-06,PHARMA,12.083214285714286
2015-11-09,PHARMA,12.059285714285716
2015-11-10,PHARMA,12.001071428571429
2015-11-11,PHARMA,11.944285714285714
2015-11-12,PHARMA,11.879642857142857
2015-11-13,PHARMA,11.815357142857142
2015-11-16,PHARMA,11.7775
2015-11-17,PHARMA,11.995714285714286
2015-11-18,PHARMA,11.964285714285714
2015-11-19,PHARMA,12.045
2015-11-20,PHARMA,12.383448275862069
2015-11-23,PHARMA,12.316896551724138
2015-11-24,PHARMA,12.327586206896552
2015-11-25,PHARMA,12.352758620689656
2015-11-26,PHARMA,12.328275862068963
2015-11-27,PHARMA,12.461724137931034
2015-11-30,PHARMA,12.330344827586206
2015-12-01,PHARMA,12.338275862068963
2015-12-02,PHARMA,12.166896551724138
2015-12-03,PHARMA,12.134827586206896
2015-12-04,PHARMA,12.175517241379309
2015-12-07,PHARMA,11.845862068965516
2015-12-08,PHARMA,11.73448275862069
2015-12-09,PHARMA,11.759655172413792
2015-12-10,PHARMA,11.79896551724138
2015-12-11,PHARMA,11.853103448275862
2015-12-14,PHARMA,12.02344827586207
2015-12-15,PHARMA,12.129655172413791
2015-12-16,PHARMA,12.097241379310343
2015-12-17,PHARMA,12.148275862068964
2015-12-18,PHARMA,12.132068965517242
2015-12-21,PHARMA,12.12241379310345
2015-12-22,PHARMA,11.977241379310344
2015-12-23,PHARMA,11.989655172413793
2015-12-24,PHARMA,11.99206896551724
2015-12-25,PHARMA,12.28551724137931
2015-12-28,PHARMA,12.28758620689655
2015-12-29,PHARMA,12.266896551724138
2015-12-30,PHARMA,12.390344827586206
2015-12-31,PHARMA,12.28551724137931
2016-01-04,PHARMA,12.237931034482758
2016-01-05,PHARMA,12.070689655172414
2016-01-06,PHARMA,12.05448275862069
2016-01-07,PHARMA,11.917241379310346
2016-01-08,PHARMA,11.927241379310344
2016-01-11,PHARMA,11.900689655172414
2016-01-12,PHARMA,12.050689655172413
2016-01-13,PHARMA,12.040344827586209
2016-01-14,PHARMA,12.025172413793104
2016-01-15,PHARMA,11.959655172413791
2016-01-18,PHARMA,11.682758620689656
2016-01-19,PHARMA,11.706551724137933
2016-01-20,PHARMA,11.808275862068966
2016-01-21,PHARMA,11.736896551724138
2016-01-22,PHARMA,11.754827586206895
2016-01-25,PHARMA,11.903448275862068
2016-01-26,PHARMA,11.908620689655171
2016-01-27,PHARMA,11.97448275862069
2016-01-28,PHARMA,11.95896551724138
2016-01-29,PHARMA,12.154137931034484
2016-02-01,PHARMA,12.297586206896552
2016-02-02,PHARMA,12.43448275862069
2016-02-03,PHARMA,12.613793103448277
2016-02-04,PHARMA,12.602758620689656
2016-02-05,PHARMA,12.567241379310344
2016-02-15,PHARMA,12.633448275862069
2016-02-16,PHARMA,12.782758620689656
2016-02-17,PHARMA,12.832758620689654
2016-02-18,PHARMA,12.925862068965518
2016-02-19,PHARMA,12.895862068965515
2016-02-22,PHARMA,13.078620689655173
2016-02-23,PHARMA,13.185172413793104
2016-02-24,PHARMA,13.173793103448276
2016-02-25,PHARMA,13.108965517241378
2016-02-26,PHARMA,13.160689655172416
2016-02-29,PHARMA,13.597586206896551
2016-03-01,PHARMA,13.640344827586206
2016-03-02,PHARMA,13.80793103448276
2016-03-03,PHARMA,13.812413793103447
2016-03-04,PHARMA,13.853793103448275
2016-03-07,PHARMA,13.847931034482755
2016-03-08,PHARMA,13.960689655172414
2016-03-09,PHARMA,13.829310344827586
2016-03-10,PHARMA,13.912413793103449
2016-03-11,PHARMA,13.861379310344828
2016-03-14,PHARMA,13.928620689655173
2016-03-15,PHARMA,13.951379310344828
2016-03-16,PHARMA,13.842758620689654
2016-03-17,PHARMA,13.970344827586208
2016-03-18,PHARMA,13.890344827586206
2016-03-21,PHARMA,13.86310344827586
2016-03-22,PHARMA,13.772413793103448
2016-03-23,PHARMA,13.879310344827584
2016-03-24,PHARMA,13.955862068965516
2016-03-25,PHARMA,13.828620689655173
2016-03-28,PHARMA,14.10344827586207
2016-03-29,PHARMA,14.19793103448276
2016-03-30,PHARMA,14.296206896551723
2016-03-31,PHARMA,14.028965517241378
2016-04-01,PHARMA,14.08758620689655
2016-04-04,PHARMA,14.083793103448276
2016-04-05,PHARMA,14.151379310344828
2016-04-06,PHARMA,14.345172413793104
2016-04-07,PHARMA,14.312758620689657
2016-04-08,PHARMA,14.33206896551724
2016-04-11,PHARMA,14.510689655172412
2016-04-12,PHARMA,14.481724137931035
2016-04-13,PHARMA,14.540344827586209
2016-04-14,PHARMA,14.594827586206897
2016-04-15,PHARMA,14.483793103448276
2016-04-19,PHARMA,14.385517241379311
2016-04-20,PHARMA,14.452413793103448
2016-04-21,PHARMA,14.361724137931034
2016-04-22,PHARMA,14.41344827586207
2016-04-25,PHARMA,14.359655172413794
2016-04-26,PHARMA,14.370344827586209
2016-04-27,PHARMA,14.506551724137932
2016-04-28,PHARMA,14.549655172413791
2016-04-29,PHARMA,14.382413793103447
2016-05-04,PHARMA,14.344827586206897
2016-05-05,PHARMA,14.319310344827588
2016-05-06,PHARMA,14.303448275862069
2016-05-09,PHARMA,14.419310344827586
2016-05-10,PHARMA,14.29896551724138
2016-05-11,PHARMA,14.23448275862069
2016-05-12,PHARMA,14.267586206896553
2016-05-13,PHARMA,14.320689655172414
2016-05-16,PHARMA,14.322413793103449
2016-05-17,PHARMA,14.183103448275862
2016-05-18,PHARMA,14.138620689655172
2016-05-19,PHARMA,14.236896551724138
2016-05-20,PHARMA,14.274482758620689
2016-05-23,PHARMA,14.275862068965518
2016-05-24,PHARMA,14.445172413793104
2016-05-25,PHARMA,14.619655172413792
2016-05-26,PHARMA,14.571379310344827
2016-05-27,PHARMA,14.527241379310343
2016-05-30,PHARMA,14.471724137931036
2016-05-31,PHARMA,14.472413793103447
2016-06-01,PHARMA,14.569655172413793
2016-06-02,PHARMA,14.530689655172411
2016-06-03,PHARMA,14.67448275862069
2016-06-06,PHARMA,14.78793103448276
2016-06-07,PHARMA,14.725862068965515
2016-06-08,PHARMA,14.91793103448276
2016-06-09,PHARMA,15.158275862068969
2016-06-10,PHARMA,15.451724137931036
2016-06-13,PHARMA,15.513103448275862
2016-06-14,PHARMA,15.77
2016-06-15,PHARMA,15.984137931034484
2016-06-16,PHARMA,16.22689655172414
2016-06-17,PHARMA,16.077241379310344
2016-06-20,PHARMA,15.995862068965517
2016-06-21,PHARMA,16.149655172413794
2016-06-22,PHARMA,16.545862068965516
2016-06-23,PHARMA,17.103448275862068
2016-06-24,PHARMA,16.74206896551724
2016-06-27,PHARMA,16.61310344827586
2016-06-28,PHARMA,16.763103448275864
2016-06-29,PHARMA,16.95137931034483
2016-06-30,PHARMA,17.19344827586207
2016-07-01,PHARMA,17.24896551724138
2016-07-04,PHARMA,17.52758620689655
2016-07-05,PHARMA,17.40344827586207
2016-07-06,PHARMA,17.452068965517242
2016-07-07,PHARMA,17.841379310344827
2016-07-08,PHARMA,17.99206896551724
2016-07-11,PHARMA,17.759655172413794
2016-07-12,PHARMA,17.682758620689654
2016-07-13,PHARMA,17.458275862068966
2016-07-14,PHARMA,17.20241379310345
2016-07-15,PHARMA,16.990689655172414
2016-07-18,PHARMA,17.05793103448276
2016-07-19,PHARMA,17.102413793103448
2016-07-20,PHARMA,17.064827586206896
2016-07-21,PHARMA,16.85551724137931
2016-07-22,PHARMA,16.642758620689655
2016-07-25,PHARMA,16.719310344827587
2016-07-26,PHARMA,16.674827586206895
2016-07-27,PHARMA,16.765172413793103
2016-07-28,PHARMA,16.900000000000002
2016-07-29,PHARMA,16.969655172413795
2016-08-01,PHARMA,16.877586206896552
2016-08-02,PHARMA,16.63448275862069
2016-08-03,PHARMA,16.56
2016-08-04,PHARMA,16.817241379310346
2016-08-05,PHARMA,16.642068965517243
2016-08-08,PHARMA,16.61551724137931
2016-08-09,PHARMA,16.872068965517244
2016-08-10,PHARMA,16.925862068965518
2016-08-11,PHARMA,17.180689655172415
2016-08-12,PHARMA,16.344137931034485
2016-08-15,PHARMA,17.349310344827586
2016-08-16,PHARMA,17.780689655172413
2016-08-17,PHARMA,17.99310344827586
2016-08-18,PHARMA,17.965862068965517
2016-08-19,PHARMA,17.60965517241379
2016-08-22,PHARMA,17.516896551724138
2016-08-23,PHARMA,17.565172413793103
2016-08-24,PHARMA,17.452068965517242
2016-08-25,PHARMA,17.44310344827586
2016-08-26,PHARMA,17.387241379310343
2016-08-29,PHARMA,17.27
2016-08-30,PHARMA,17.45310344827586
2016-08-31,PHARMA,17.70413793103448
2016-09-01,PHARMA,17.79551724137931
2016-09-05,PHARMA,17.728275862068966
2016-09-06,PHARMA,17.601724137931033
2016-09-07,PHARMA,18.0
2016-09-08,PHARMA,18.25689655172414
2016-09-09,PHARMA,18.374827586206894
2016-09-12,PHARMA,18.216896551724137
2016-09-13,PHARMA,18.22206896551724
2016-09-14,PHARMA,18.258275862068967
2016-09-15,PHARMA,18.116206896551724
2016-09-16,PHARMA,17.868275862068966
2016-09-19,PHARMA,17.840689655172415
2016-09-20,PHARMA,17.990689655172414
2016-09-21,PHARMA,17.99241379310345
2016-09-22,PHARMA,17.843793103448277
2016-09-23,PHARMA,17.859310344827584
2016-09-26,PHARMA,18.098275862068967
2016-09-27,PHARMA,17.987241379310344
2016-09-28,PHARMA,18.02586206896552
2016-09-29,PHARMA,18.190344827586205
2016-09-30,PHARMA,18.272413793103446
2016-10-03,PHARMA,18.2048275862069
2016-10-04,PHARMA,18.04586206896552
2016-10-05,PHARMA,17.848620689655174
2016-10-06,PHARMA,18.021724137931034
2016-10-07,PHARMA,18.21448275862069
2016-10-10,PHARMA,17.703793103448273
2016-10-11,PHARMA,17.854827586206895
2016-10-12,PHARMA,17.9948275862069
2016-10-13,PHARMA,18.203793103448277
2016-10-14,PHARMA,18.308275862068967
2016-10-17,PHARMA,18.233448275862067
2016-10-18,PHARMA,17.561333333333334
2016-10-19,PHARMA,17.412333333333333
2016-10-20,PHARMA,17.390333333333334
2016-10-21,PHARMA,17.035666666666668
2016-10-24,PHARMA,16.900333333333332
2016-10-25,PHARMA,17.09
2016-10-26,PHARMA,17.637666666666668
2016-10-27,PHARMA,17.598333333333336
2016-10-28,PHARMA,17.682333333333336
2016-10-31,PHARMA,17.681
2016-11-01,PHARMA,17.84
2016-11-02,PHARMA,17.840666666666667
2016-11-03,PHARMA,17.762
2016-11-04,PHARMA,17.344333333333335
2016-11-07,PHARMA,17.646
2016-11-08,PHARMA,17.763333333333332
2016-11-09,PHARMA,17.828333333333333
2016-11-10,PHARMA,17.894
2016-11-11,PHARMA,17.817
2016-11-14,PHARMA,17.679333333333332
2016-11-15,PHARMA,17.598666666666666
2016-11-16,PHARMA,17.428333333333335
2016-11-17,PHARMA,17.646666666666665
2016-11-18,PHARMA,17.772333333333332
2016-11-21,PHARMA,17.56
2016-11-22,PHARMA,17.42
2016-11-23,PHARMA,17.642666666666667
2016-11-24,PHARMA,17.858333333333334
2016-11-25,PHARMA,17.65533333333333
2016-11-28,PHARMA,17.601
2016-11-29,PHARMA,17.514333333333333
2016-11-30,PHARMA,17.755333333333333
2016-12-01,PHARMA,17.654333333333334
2016-12-02,PHARMA,17.736666666666668
2016-12-05,PHARMA,17.986333333333334
2016-12-06,PHARMA,18.02433333333333
2016-12-07,PHARMA,18.087333333333333
2016-12-08,PHARMA,18.227666666666668
2016-12-09,PHARMA,17.971
2016-12-12,PHARMA,17.802
2016-12-13,PHARMA,17.687333333333335
2016-12-14,PHARMA,17.916666666666668
2016-12-15,PHARMA,18.005
2016-12-16,PHARMA,17.840666666666667
2016-12-19,PHARMA,17.971999999999998
2016-12-20,PHARMA,17.93433333333333
2016-12-21,PHARMA,17.78166666666667
2016-12-22,PHARMA,17.740666666666666
2016-12-23,PHARMA,17.73033333333333
2016-12-26,PHARMA,17.711000000000002
2016-12-27,PHARMA,17.737000000000002
2016-12-28,PHARMA,17.762999999999998
2016-12-29,PHARMA,17.68935483870968
2016-12-30,PHARMA,17.793870967741935
2017-01-03,PHARMA,17.734193548387097
2017-01-04,PHARMA,17.79548387096774
2017-01-05,PHARMA,17.95258064516129
2017-01-06,PHARMA,18.148064516129036
2017-01-09,PHARMA,18.313548387096777
2017-01-10,PHARMA,18.48516129032258
2017-01-11,PHARMA,18.33516129032258
2017-01-12,PHARMA,18.31
2017-01-13,PHARMA,18.33
2017-01-16,PHARMA,18.11121212121212
2017-01-17,PHARMA,18.02757575757576
2017-01-18,PHARMA,17.96333333333333
2017-01-19,PHARMA,17.827575757575758
2017-01-20,PHARMA,17.271470588235296
2017-01-23,PHARMA,17.312941176470588
2017-01-24,PHARMA,17.51764705882353
2017-01-25,PHARMA,17.93764705882353
2017-02-02,PHARMA,17.81235294117647
2017-02-03,PHARMA,17.942941176470587
2017-02-06,PHARMA,17.51142857142857
2017-02-07,PHARMA,17.471999999999998
2017-02-08,PHARMA,17.659714285714287
2017-02-09,PHARMA,18.498857142857144
2017-02-10,PHARMA,18.11342857142857
2017-02-13,PHARMA,18.322
2017-02-14,PHARMA,18.409142857142857
2017-02-15,PHARMA,18.607714285714284
2017-02-16,PHARMA,18.51257142857143
2017-02-17,PHARMA,18.694571428571425
2017-02-20,PHARMA,18.717142857142857
2017-02-21,PHARMA,18.458857142857145
2017-02-22,PHARMA,18.576285714285717
2017-02-23,PHARMA,18.724285714285717
2017-02-24,PHARMA,18.68114285714286
2017-02-27,PHARMA,18.50857142857143
2017-02-28,PHARMA,18.00027777777778
2017-03-01,PHARMA,18.071111111111108
2017-03-02,PHARMA,18.03833333333333
2017-03-03,PHARMA,18.223055555555558
2017-03-06,PHARMA,17.96472222222222
2017-03-07,PHARMA,18.13222222222222
2017-03-08,PHARMA,18.202777777777776
2017-03-09,PHARMA,18.18277777777778
2017-03-10,PHARMA,18.185
2017-03-13,PHARMA,18.064166666666665
2017-03-14,PHARMA,18.200277777777774
2017-03-15,PHARMA,18.31361111111111
2017-03-16,PHARMA,18.245135135135136
2017-03-17,PHARMA,17.99135135135135
2017-03-20,PHARMA,18.07054054054054
2017-03-21,PHARMA,18.855675675675677
2017-03-22,PHARMA,18.76027027027027
2017-03-23,PHARMA,18.87891891891892
2017-03-24,PHARMA,18.924324324324324
2017-03-27,PHARMA,18.994594594594595
2017-03-28,PHARMA,18.75027027027027
2017-03-29,PHARMA,18.864324324324325
2017-03-30,PHARMA,19.222162162162164
2017-03-31,PHARMA,18.894864864864864
2017-04-03,PHARMA,18.92162162162162
2017-04-04,PHARMA,18.87135135135135
2017-04-05,PHARMA,18.78108108108108
2017-04-07,PHARMA,18.76135135135135
2017-04-10,PHARMA,18.8845945945946
2017-04-11,PHARMA,19.129189189189187
2017-04-12,PHARMA,19.163243243243244
2017-04-13,PHARMA,19.302702702702703
2017-04-14,PHARMA,19.135945945945945
2017-04-17,PHARMA,18.922162162162163
2017-04-18,PHARMA,18.788378378378376
2017-04-19,PHARMA,18.793243243243243
2017-04-20,PHARMA,18.823243243243244
2017-04-21,PHARMA,19.00108108108108
2017-04-24,PHARMA,18.953243243243243
2017-04-25,PHARMA,18.997297297297298
2017-04-26,PHARMA,19.17837837837838
2017-04-27,PHARMA,19.28
2017-04-28,PHARMA,19.403783783783783
2017-05-03,PHARMA,19.391351351351357
2017-05-04,PHARMA,19.453243243243243
2017-05-05,PHARMA,19.084736842105265
2017-05-08,PHARMA,19.01473684210526
2017-05-09,PHARMA,19.08447368421053
2017-05-10,PHARMA,19.07526315789474
2017-05-11,PHARMA,19.043684210526315
2017-05-12,PHARMA,19.01
2017-05-15,PHARMA,19.19263157894737
2017-05-16,PHARMA,19.31342105263158
2017-05-17,PHARMA,19.52868421052632
2017-05-18,PHARMA,19.39368421052632
2017-05-19,PHARMA,19.0405
2017-05-22,PHARMA,19.0005
2017-05-23,PHARMA,19.20375
2017-05-24,PHARMA,19.52525
2017-05-25,PHARMA,19.79775
2017-05-26,PHARMA,20.31
2017-05-29,PHARMA,20.32225
2017-05-30,PHARMA,20.29425
2017-05-31,PHARMA,20.26975
2017-06-01,PHARMA,20.436
2017-06-02,PHARMA,20.459
2017-06-05,PHARMA,20.3435
2017-06-06,PHARMA,20.309
2017-06-07,PHARMA,20.1725
2017-06-08,PHARMA,20.68425
2017-06-09,PHARMA,20.8805
2017-06-12,PHARMA,20.92275
2017-06-13,PHARMA,20.924
2017-06-14,PHARMA,21.138
2017-06-15,PHARMA,21.25875
2017-06-16,PHARMA,21.60625
2017-06-19,PHARMA,21.545
2017-06-20,PHARMA,21.73625
2017-06-21,PHARMA,21.79975
2017-06-22,PHARMA,21.8285
2017-06-23,PHARMA,21.71375
2017-06-26,PHARMA,21.6785
2017-06-27,PHARMA,21.6225
2017-06-28,PHARMA,21.73125
2017-06-29,PHARMA,21.70175
2017-06-30,PHARMA,21.72775
2017-07-03,PHARMA,21.79675
2017-07-04,PHARMA,21.7345
2017-07-05,PHARMA,21.62075
2017-07-06,PHARMA,21.5835
2017-07-07,PHARMA,21.54975
2017-07-10,PHARMA,21.362
2017-07-11,PHARMA,21.40825
2017-07-12,PHARMA,21.5165
2017-07-13,PHARMA,21.5615
2017-07-14,PHARMA,21.76925
2017-07-17,PHARMA,21.658
2017-07-18,PHARMA,21.886
2017-07-19,PHARMA,22.03375
2017-07-20,PHARMA,21.9735
2017-07-21,PHARMA,21.60225
2017-07-24,PHARMA,21.155
2017-07-25,PHARMA,21.35075
2017-07-26,PHARMA,21.4735
2017-07-27,PHARMA,21.49125
2017-07-28,PHARMA,21.4885
2017-07-31,PHARMA,21.4225
2017-08-01,PHARMA,21.27075
2017-08-02,PHARMA,21.262
2017-08-03,PHARMA,21.075121951219515
2017-08-04,PHARMA,21.19804878048781
2017-08-07,PHARMA,21.22
2017-08-08,PHARMA,21.094634146341463
2017-08-09,PHARMA,21.11853658536585
2017-08-10,PHARMA,21.148292682926822
2017-08-11,PHARMA,21.18219512195122
2017-08-14,PHARMA,21.129024390243902
2017-08-15,PHARMA,21.00119047619048
2017-08-16,PHARMA,20.83857142857143
2017-08-17,PHARMA,20.60046511627907
2017-08-18,PHARMA,20.62883720930233
2017-08-21,PHARMA,20.695348837209306
2017-08-22,PHARMA,20.79860465116279
2017-08-23,PHARMA,20.763023255813952
2017-08-24,PHARMA,20.65093023255814
2017-08-25,PHARMA,20.614883720930237
2017-08-28,PHARMA,20.54558139534884
2017-08-29,PHARMA,20.62
2017-08-30,PHARMA,20.41581395348837
2017-08-31,PHARMA,20.38674418604651
2017-09-01,PHARMA,20.413023255813957
2017-09-05,PHARMA,20.246511627906976
2017-09-06,PHARMA,20.117906976744187
2017-09-07,PHARMA,20.114186046511627
2017-09-08,PHARMA,20.07395348837209
2017-09-11,PHARMA,19.954418604651163
2017-09-12,PHARMA,20.08
2017-09-13,PHARMA,20.00627906976744
2017-09-14,PHARMA,20.022093023255817
2017-09-15,PHARMA,20.223953488372093
2017-09-18,PHARMA,20.3193023255814
2017-09-19,PHARMA,20.430697674418603
2017-09-20,PHARMA,20.47209302325581
2017-09-21,PHARMA,20.437906976744188
2017-09-22,PHARMA,20.38279069767442
2017-09-25,PHARMA,20.41813953488372
2017-09-26,PHARMA,20.393488372093024
2017-09-27,PHARMA,20.21860465116279
2017-09-28,PHARMA,20.155348837209303
2017-09-29,PHARMA,20.19441860465116
2017-10-02,PHARMA,20.06302325581396
2017-10-03,PHARMA,19.86767441860465
2017-10-04,PHARMA,19.917906976744188
2017-10-05,PHARMA,19.909767441860467
2017-10-06,PHARMA,19.9793023255814
2017-10-09,PHARMA,20.032558139534885
2017-10-10,PHARMA,19.952558139534883
2017-10-11,PHARMA,19.90558139534884
2017-10-12,PHARMA,19.919767441860465
2017-10-13,PHARMA,19.933488372093024
2017-10-16,PHARMA,20.14395348837209
2017-10-17,PHARMA,20.18813953488372
2017-10-18,PHARMA,20.21023255813953
2017-10-19,PHARMA,20.411162790697677
2017-10-20,PHARMA,20.433255813953487
2017-10-23,PHARMA,20.45860465116279
2017-10-24,PHARMA,20.49418604651163
2017-10-25,PHARMA,20.329767441860465
2017-10-26,PHARMA,20.34860465116279
2017-10-27,PHARMA,20.421627906976745
2017-10-30,PHARMA,20.39813953488372
2017-10-31,PHARMA,20.4793023255814
2017-11-01,PHARMA,20.522558139534883
2017-11-02,PHARMA,20.32813953488372
2017-11-03,PHARMA,20.571627906976744
2017-11-06,PHARMA,20.41744186046512
2017-11-07,PHARMA,20.50744186046512
2017-11-08,PHARMA,20.51651162790698
2017-11-09,PHARMA,20.60209302325581
2017-11-10,PHARMA,20.650232558139532
2017-11-13,PHARMA,20.46558139534884
2017-11-14,PHARMA,20.81116279069768
2017-11-15,PHARMA,21.18558139534884
2017-11-16,PHARMA,21.183255813953487
2017-11-17,PHARMA,21.168837209302325
2017-11-20,PHARMA,21.37697674418605
2017-11-21,PHARMA,21.33255813953488
2017-11-22,PHARMA,21.44418604651163
2017-11-23,PHARMA,21.523488372093023
2017-11-24,PHARMA,21.66674418604651
2017-11-27,PHARMA,21.701162790697676
2017-11-28,PHARMA,21.754651162790697
2017-11-29,PHARMA,21.912790697674417
2017-11-30,PHARMA,21.93627906976744
2017-12-01,PHARMA,21.92395348837209
2017-12-04,PHARMA,21.86674418604651
2017-12-05,PHARMA,21.666046511627908
2017-12-06,PHARMA,21.72209302325581
2017-12-07,PHARMA,21.596511627906978
2017-12-08,PHARMA,21.663488372093024
2017-12-11,PHARMA,21.54674418604651
2017-12-12,PHARMA,21.194772727272728
2017-12-13,PHARMA,21.360681818181817
2017-12-14,PHARMA,21.876136363636363
2017-12-15,PHARMA,21.793636363636363
2017-12-18,PHARMA,22.08159090909091
2017-12-19,PHARMA,21.83840909090909
2017-12-20,PHARMA,21.779772727272725
2017-12-21,PHARMA,21.609318181818185
2017-12-22,PHARMA,21.65090909090909
2017-12-25,PHARMA,21.70159090909091
2017-12-26,PHARMA,21.827954545454546
2017-12-27,PHARMA,21.74090909090909
2017-12-28,PHARMA,21.631363636363638
2017-12-29,PHARMA,21.57636363636364
2018-01-02,PHARMA,21.604772727272728
2018-01-03,PHARMA,21.46590909090909
2018-01-04,PHARMA,21.483636363636364
2018-01-05,PHARMA,21.325909090909093
2018-01-08,PHARMA,21.38431818181818
2018-01-09,PHARMA,21.38659090909091
2018-01-10,PHARMA,21.24204545454545
2018-01-11,PHARMA,21.24159090909091
2018-01-12,PHARMA,21.055227272727272
2018-01-15,PHARMA,21.112954545454546
2018-01-16,PHARMA,20.862272727272725
2018-01-17,PHARMA,20.82318181818182
2018-01-18,PHARMA,20.750227272727276
2018-01-19,PHARMA,20.907954545454547
2018-01-22,PHARMA,20.88681818181818
2018-01-23,PHARMA,20.94204545454545
2018-01-24,PHARMA,21.04863636363636
2018-01-25,PHARMA,20.89136363636364
2018-01-26,PHARMA,20.938863636363635
2018-01-29,PHARMA,21.464888888888886
2018-01-30,PHARMA,21.330666666666666
2018-01-31,PHARMA,21.296666666666667
2018-02-01,PHARMA,20.96622222222222
2018-02-02,PHARMA,21.198666666666664
2018-02-05,PHARMA,20.677333333333333
2018-02-06,PHARMA,20.428
2018-02-07,PHARMA,21.01933333333333
2018-02-08,PHARMA,20.89155555555556
2018-02-09,PHARMA,20.966444444444445
2018-02-12,PHARMA,21.122
2018-02-13,PHARMA,21.54866666666667
2018-02-21,PHARMA,21.703777777777777
2018-02-22,PHARMA,21.59
2018-02-23,PHARMA,21.76177777777778
2018-02-26,PHARMA,21.544222222222224
2018-02-27,PHARMA,21.40711111111111
2018-02-28,PHARMA,21.621111111111112
2018-03-01,PHARMA,21.55688888888889
2018-03-02,PHARMA,21.39355555555556
2018-03-05,PHARMA,21.361555555555555
2018-03-06,PHARMA,21.56288888888889
2018-03-07,PHARMA,21.412000000000003
2018-03-08,PHARMA,21.224
2018-03-09,PHARMA,20.982000000000003
2018-03-12,PHARMA,21.00311111111111
2018-03-13,PHARMA,21.13577777777778
2018-03-14,PHARMA,21.054222222222226
2018-03-15,PHARMA,21.096222222222224
2018-03-16,PHARMA,21.09
2018-03-19,PHARMA,21.30977777777778
2018-03-20,PHARMA,21.41888888888889
2018-03-21,PHARMA,21.53488888888889
2018-03-22,PHARMA,21.30666666666667
2018-03-23,PHARMA,21.408
2018-03-26,PHARMA,21.338
2018-03-27,PHARMA,21.286666666666665
2018-03-28,PHARMA,21.244444444444444
2018-03-29,PHARMA,21.241777777777777
2018-03-30,PHARMA,21.36355555555556
2018-04-02,PHARMA,21.111555555555555
2018-04-03,PHARMA,21.041555555555554
2018-04-04,PHARMA,20.942888888888888
2018-04-05,PHARMA,20.846888888888888
2018-04-06,PHARMA,20.810666666666663
2018-04-09,PHARMA,20.569333333333333
2018-04-10,PHARMA,20.479333333333333
2018-04-11,PHARMA,20.28155555555556
2018-04-12,PHARMA,20.290666666666667
2018-04-13,PHARMA,20.15222222222222
2018-04-16,PHARMA,20.17911111111111
2018-04-17,PHARMA,19.99044444444445
2018-04-18,PHARMA,20.17977777777778
2018-04-19,PHARMA,19.625434782608696
2018-04-20,PHARMA,19.99543478260869
2018-04-23,PHARMA,20.04478260869565
2018-04-24,PHARMA,19.83086956521739
2018-04-26,PHARMA,19.621304347826086
2018-04-27,PHARMA,19.81717391304348
2018-05-02,PHARMA,19.515652173913043
2018-05-03,PHARMA,19.390652173913043
2018-05-04,PHARMA,19.526739130434784
2018-05-07,PHARMA,19.55717391304348
2018-05-08,PHARMA,19.64782608695652
2018-05-09,PHARMA,19.555
2018-05-10,PHARMA,19.40869565217391
2018-05-11,PHARMA,19.448260869565217
2018-05-14,PHARMA,19.445217391304347
2018-05-15,PHARMA,19.500434782608696
2018-05-16,PHARMA,19.32891304347826
2018-05-17,PHARMA,19.247391304347826
2018-05-18,PHARMA,19.22478260869565
2018-05-21,PHARMA,19.13
2018-05-22,PHARMA,18.936521739130438
2018-05-23,PHARMA,19.025
2018-05-24,PHARMA,18.95934782608696
2018-05-25,PHARMA,18.80826086956522
2018-05-28,PHARMA,18.429565217391303
2018-05-29,PHARMA,18.450869565217392
2018-05-30,PHARMA,18.57304347826087
2018-05-31,PHARMA,18.832391304347823
2018-06-01,PHARMA,18.878695652173917
2018-06-04,PHARMA,18.941521739130437
2018-06-05,PHARMA,18.945217391304347
2018-06-06,PHARMA,18.91195652173913
2018-06-07,PHARMA,19.01717391304348
2018-06-08,PHARMA,18.880444444444443
2018-06-11,PHARMA,18.88088888888889
2018-06-12,PHARMA,18.541521739130435
2018-06-13,PHARMA,18.53760869565217
2018-06-14,PHARMA,18.52913043478261
2018-06-15,PHARMA,18.79893617021277
2018-06-18,PHARMA,18.567659574468085
2018-06-19,PHARMA,18.1336170212766
2018-06-20,PHARMA,18.260851063829787
2018-06-21,PHARMA,18.133191489361703
2018-06-22,PHARMA,18.348085106382975
2018-06-25,PHARMA,18.442340425531917
2018-06-26,PHARMA,18.428510638297876
2018-06-27,PHARMA,18.529574468085105
2018-06-28,PHARMA,18.41191489361702
2018-06-29,PHARMA,18.622127659574467
2018-07-02,PHARMA,18.0836170212766
2018-07-03,PHARMA,17.82936170212766
2018-07-04,PHARMA,17.998510638297873
2018-07-05,PHARMA,17.97191489361702
2018-07-06,PHARMA,18.02404255319149
2018-07-09,PHARMA,18.003829787234043
2018-07-10,PHARMA,18.042978723404254
2018-07-11,PHARMA,17.848936170212767
2018-07-12,PHARMA,17.79872340425532
2018-07-13,PHARMA,17.825
2018-07-16,PHARMA,17.710416666666667
2018-07-17,PHARMA,17.73125
2018-07-18,PHARMA,17.793541666666666
2018-07-19,PHARMA,17.907083333333333
2018-07-20,PHARMA,17.849791666666665
2018-07-23,PHARMA,16.782500000000002
2018-07-24,PHARMA,17.94
2018-07-25,PHARMA,17.878958333333333
2018-07-26,PHARMA,17.862708333333334
2018-07-27,PHARMA,17.805625000000003
2018-07-30,PHARMA,18.011875
2018-07-31,PHARMA,17.895625
2018-08-01,PHARMA,17.682708333333334
2018-08-02,PHARMA,17.715
2018-08-03,PHARMA,17.802291666666665
2018-08-06,PHARMA,18.07708333333333
2018-08-07,PHARMA,17.945625
2018-08-08,PHARMA,17.932708333333334
2018-08-09,PHARMA,17.916875
2018-08-10,PHARMA,18.085625
2018-08-13,PHARMA,18.177916666666665
2018-08-14,PHARMA,18.24770833333333
2018-08-15,PHARMA,18.184375
2018-08-16,PHARMA,18.17
2018-08-17,PHARMA,17.909166666666668
2018-08-20,PHARMA,17.680208333333333
2018-08-21,PHARMA,17.5925
2018-08-22,PHARMA,17.630416666666665
2018-08-23,PHARMA,17.508541666666666
2018-08-24,PHARMA,17.607916666666664
2018-08-27,PHARMA,17.546875
2018-08-28,PHARMA,17.588541666666668
2018-08-29,PHARMA,17.51729166666667
2018-08-30,PHARMA,17.19938775510204
2018-08-31,PHARMA,17.497755102040816
2018-09-04,PHARMA,17.45326530612245
2018-09-05,PHARMA,17.440408163265307
2018-09-06,PHARMA,17.512040816326532
2018-09-07,PHARMA,17.567142857142855
2018-09-10,PHARMA,17.508367346938776
2018-09-11,PHARMA,17.60265306122449
2018-09-12,PHARMA,17.560816326530613
2018-09-13,PHARMA,17.648163265306124
2018-09-14,PHARMA,17.601020408163265
2018-09-17,PHARMA,17.624489795918368
2018-09-18,PHARMA,17.74020408163265
2018-09-19,PHARMA,17.828979591836735
2018-09-20,PHARMA,17.8865306122449
2018-09-21,PHARMA,17.97020408163265
2018-09-24,PHARMA,17.92326530612245
2018-09-25,PHARMA,18.139795918367348
2018-09-26,PHARMA,18.16897959183673
2018-09-27,PHARMA,18.32857142857143
2018-09-28,PHARMA,18.34734693877551
2018-10-01,PHARMA,18.4230612244898
2018-10-02,PHARMA,18.41387755102041
2018-10-03,PHARMA,18.42408163265306
2018-10-04,PHARMA,18.48081632653061
2018-10-05,PHARMA,18.39755102040816
2018-10-08,PHARMA,18.100408163265307
2018-10-09,PHARMA,18.37244897959184
2018-10-10,PHARMA,18.390204081632653
2018-10-11,PHARMA,18.026938775510207
2018-10-12,PHARMA,18.1065306122449
2018-10-15,PHARMA,18.128571428571423
2018-10-16,PHARMA,18.165510204081635
2018-10-17,PHARMA,18.18408163265306
2018-10-18,PHARMA,18.142244897959184
2018-10-19,PHARMA,17.844285714285714
2018-10-22,PHARMA,17.967551020408163
2018-10-23,PHARMA,17.78857142857143
2018-10-24,PHARMA,17.82061224489796
2018-10-25,PHARMA,18.0534693877551
2018-10-26,PHARMA,18.017755102040816
2018-10-29,PHARMA,17.973877551020408
2018-10-30,PHARMA,17.89673469387755
2018-10-31,PHARMA,17.994693877551022
2018-11-01,PHARMA,18.105510204081632
2018-11-02,PHARMA,18.175102040816327
2018-11-05,PHARMA,18.25755102040816
2018-11-06,PHARMA,18.21244897959184
2018-11-07,PHARMA,18.05632653061225
2018-11-08,PHARMA,18.07775510204082
2018-11-09,PHARMA,18.23673469387755
2018-11-12,PHARMA,18.12265306122449
2018-11-13,PHARMA,18.048163265306123
2018-11-14,PHARMA,18.276938775510207
2018-11-15,PHARMA,18.175510204081636
2018-11-16,PHARMA,18.170816326530613
2018-11-19,PHARMA,18.27061224489796
2018-11-20,PHARMA,18.166122448979596
2018-11-21,PHARMA,17.80142857142857
2018-11-22,PHARMA,17.798163265306123
2018-11-23,PHARMA,17.77673469387755
2018-11-26,PHARMA,17.685714285714287
2018-11-27,PHARMA,17.65326530612245
2018-11-28,PHARMA,17.478163265306122
2018-11-29,PHARMA,17.76
2018-11-30,PHARMA,17.810204081632655
2018-12-03,PHARMA,17.917551020408165
2018-12-04,PHARMA,17.89183673469388
2018-12-05,PHARMA,17.857755102040816
2018-12-06,PHARMA,17.93591836734694
2018-12-07,PHARMA,17.968163265306124
2018-12-10,PHARMA,17.85469387755102
2018-12-11,PHARMA,17.78
2018-12-12,PHARMA,17.998775510204084
2018-12-13,PHARMA,18.038367346938774
2018-12-14,PHARMA,17.903877551020408
2018-12-17,PHARMA,17.80081632653061
2018-12-18,PHARMA,17.771020408163263
2018-12-19,PHARMA,17.65734693877551
2018-12-20,PHARMA,17.630408163265304
2018-12-21,PHARMA,17.545714285714286
2018-12-24,PHARMA,17.551224489795917
2018-12-25,PHARMA,17.403877551020408
2018-12-26,PHARMA,17.480204081632653
2018-12-27,PHARMA,17.49591836734694
2018-12-28,PHARMA,17.858979591836736
2019-01-02,PHARMA,17.6934693877551
2019-01-03,PHARMA,17.187755102040818
2019-01-04,PHARMA,17.086326530612244
2019-01-07,PHARMA,17.18591836734694
2019-01-08,PHARMA,17.31265306122449
2019-01-09,PHARMA,17.290204081632652
2019-01-10,PHARMA,17.35857142857143
2019-01-11,PHARMA,17.34122448979592
2019-01-14,PHARMA,17.4044
2019-01-15,PHARMA,17.401600000000002
2019-01-16,PHARMA,17.479200000000002
2019-01-17,PHARMA,17.5228
2019-01-18,PHARMA,17.5002
2019-01-21,PHARMA,17.3706
2019-01-22,PHARMA,17.4636
2019-01-23,PHARMA,17.434
2019-01-24,PHARMA,17.2392
2019-01-25,PHARMA,17.299400000000002
2019-01-28,PHARMA,17.3032
2019-01-29,PHARMA,17.366400000000002
2019-01-30,PHARMA,17.4428
2019-01-31,PHARMA,17.4508
2019-02-01,PHARMA,17.4958
2019-02-11,PHARMA,17.4954
2019-02-12,PHARMA,17.5794
2019-02-13,PHARMA,17.491600000000002
2019-02-14,PHARMA,17.6116
2019-02-15,PHARMA,17.71
2019-02-18,PHARMA,17.7936
2019-02-19,PHARMA,17.6016
2019-02-20,PHARMA,17.5802
2019-02-21,PHARMA,17.6594
2019-02-22,PHARMA,17.7244
2019-02-25,PHARMA,18.0288
2019-02-26,PHARMA,18.1164
2019-02-27,PHARMA,18.2272
2019-02-28,PHARMA,18.307
2019-03-01,PHARMA,18.3064
2019-03-04,PHARMA,18.4152
2019-03-05,PHARMA,18.3882
2019-03-06,PHARMA,18.3052
2019-03-07,PHARMA,18.386000000000003
2019-03-08,PHARMA,18.5
2019-03-11,PHARMA,18.4498
2019-03-12,PHARMA,18.4472
2019-03-13,PHARMA,18.398
2019-03-14,PHARMA,18.5502
2019-03-15,PHARMA,18.6832
2019-03-18,PHARMA,18.8472
2019-03-19,PHARMA,19.085
2019-03-20,PHARMA,19.2084
2019-03-21,PHARMA,19.108600000000003
2019-03-22,PHARMA,19.0152
2019-03-25,PHARMA,19.0364
2019-03-26,PHARMA,18.8564
2019-03-27,PHARMA,18.9296
2019-03-28,PHARMA,19.188
2019-03-29,PHARMA,19.2032
2019-04-01,PHARMA,19.0222
2019-04-02,PHARMA,19.0618
2019-04-03,PHARMA,18.9218
2019-04-04,PHARMA,18.744
2019-04-05,PHARMA,18.6494
2019-04-08,PHARMA,18.6052
2019-04-09,PHARMA,18.7552
2019-04-10,PHARMA,18.8078
2019-04-11,PHARMA,18.6862
2019-04-12,PHARMA,18.7716
2019-04-16,PHARMA,18.7956
2019-04-17,PHARMA,18.7776
2019-04-18,PHARMA,18.7572
2019-04-19,PHARMA,19.0038
2019-04-22,PHARMA,19.0248
2019-04-23,PHARMA,19.1364
2019-04-24,PHARMA,19.2568
2019-04-25,PHARMA,19.2444
2019-04-26,PHARMA,19.0108
2019-05-02,PHARMA,19.2102
2019-05-03,PHARMA,19.2296
2019-05-06,PHARMA,18.9512
2019-05-07,PHARMA,18.8962
2019-05-08,PHARMA,18.9278
2019-05-09,PHARMA,18.8216
2019-05-10,PHARMA,18.9176
2019-05-13,PHARMA,18.9608
2019-05-14,PHARMA,18.69
2019-05-15,PHARMA,18.9002
2019-05-16,PHARMA,18.9762
2019-05-17,PHARMA,18.9304
2019-05-20,PHARMA,18.9886
2019-05-21,PHARMA,18.8092
2019-05-22,PHARMA,18.746
2019-05-23,PHARMA,18.8398
2019-05-24,PHARMA,18.8162
2019-05-27,PHARMA,18.9198
2019-05-28,PHARMA,18.9664
2019-05-29,PHARMA,19.0354
2019-05-30,PHARMA,19.0306
2019-05-31,PHARMA,18.9842
2019-06-03,PHARMA,18.7374
2019-06-04,PHARMA,18.6916
2019-06-05,PHARMA,18.7676
2019-06-06,PHARMA,18.858600000000003
2019-06-07,PHARMA,18.9844
2019-06-10,PHARMA,18.747
2019-06-11,PHARMA,18.856
2019-06-12,PHARMA,18.863
2019-06-13,PHARMA,18.6002
2019-06-14,PHARMA,18.678800000000003
2019-06-17,PHARMA,18.3924
2019-06-18,PHARMA,18.2948
2019-06-19,PHARMA,18.3492
2019-06-20,PHARMA,18.6696
2019-06-21,PHARMA,18.6452
2019-06-24,PHARMA,18.7744
2019-06-25,PHARMA,18.667
2019-06-26,PHARMA,18.8668
2019-06-27,PHARMA,18.9616
2019-06-28,PHARMA,19.053
2019-07-01,PHARMA,18.9294
2019-07-02,PHARMA,18.9964
2019-07-03,PHARMA,18.719
2019-07-04,PHARMA,18.70490196078432
2019-07-05,PHARMA,18.515098039215687
2019-07-08,PHARMA,18.42529411764706
2019-07-09,PHARMA,18.518039215686272
2019-07-10,PHARMA,18.54627450980392
2019-07-11,PHARMA,18.686666666666667
2019-07-12,PHARMA,18.786666666666665
2019-07-15,PHARMA,18.45019607843137
2019-07-16,PHARMA,18.407647058823528
2019-07-17,PHARMA,18.31
2019-07-18,PHARMA,18.275098039215685
2019-07-19,PHARMA,18.511764705882356
2019-07-22,PHARMA,18.475882352941177
2019-07-23,PHARMA,18.424117647058825
2019-07-24,PHARMA,18.45529411764706
2019-07-25,PHARMA,18.492941176470588
2019-07-26,PHARMA,18.48764705882353
2019-07-29,PHARMA,18.524901960784312
2019-07-30,PHARMA,18.545882352941177
2019-07-31,PHARMA,18.475490196078432
2019-08-01,PHARMA,18.392941176470583
2019-08-02,PHARMA,18.42627450980392
2019-08-05,PHARMA,18.53156862745098
2019-08-06,PHARMA,18.3843137254902
2019-08-07,PHARMA,18.48647058823529
2019-08-08,PHARMA,18.319411764705883
2019-08-09,PHARMA,18.516470588235293
2019-08-12,PHARMA,18.46509803921569
2019-08-13,PHARMA,18.27764705882353
2019-08-14,PHARMA,18.258627450980395
2019-08-15,PHARMA,18.225882352941177
2019-08-16,PHARMA,18.139607843137256
2019-08-19,PHARMA,18.14843137254902
2019-08-20,PHARMA,18.06705882352941
2019-08-21,PHARMA,18.004901960784313
2019-08-22,PHARMA,18.08372549019608
2019-08-23,PHARMA,17.956666666666667
2019-08-26,PHARMA,17.915098039215685
2019-08-27,PHARMA,17.85156862745098
2019-08-28,PHARMA,17.823333333333334
2019-08-29,PHARMA,17.95176470588235
2019-08-30,PHARMA,18.04019607843137
2019-09-03,PHARMA,18.06686274509804
2019-09-04,PHARMA,17.981764705882355
2019-09-05,PHARMA,17.871960784313725
2019-09-06,PHARMA,18.00078431372549
2019-09-09,PHARMA,18.10803921568628
2019-09-10,PHARMA,18.14235294117647
2019-09-11,PHARMA,18.07921568627451
2019-09-12,PHARMA,18.0378431372549
2019-09-13,PHARMA,18.19686274509804
2019-09-16,PHARMA,18.18
2019-09-17,PHARMA,18.182156862745096
2019-09-18,PHARMA,18.234117647058824
2019-09-19,PHARMA,18.07686274509804
2019-09-20,PHARMA,18.246470588235294
2019-09-23,PHARMA,17.963529411764707
2019-09-24,PHARMA,18.035882352941176
2019-09-25,PHARMA,18.148823529411764
2019-09-26,PHARMA,18.18745098039216
2019-09-27,PHARMA,18.2221568627451
2019-09-30,PHARMA,18.377843137254903
2019-10-01,PHARMA,18.12921568627451
2019-10-02,PHARMA,18.02921568627451
2019-10-03,PHARMA,18.142156862745097
2019-10-04,PHARMA,18.01529411764706
2019-10-07,PHARMA,18.097843137254905
2019-10-08,PHARMA,18.04019607843137
2019-10-09,PHARMA,18.085686274509804
2019-10-10,PHARMA,18.14509803921569
2019-10-11,PHARMA,18.293529411764705
2019-10-14,PHARMA,18.121960784313725
2019-10-15,PHARMA,18.12274509803921
2019-10-16,PHARMA,18.265882352941176
2019-10-17,PHARMA,18.191960784313725
2019-10-18,PHARMA,18.188039215686278
2019-10-21,PHARMA,18.286666666666665
2019-10-22,PHARMA,18.27705882352941
2019-10-23,PHARMA,18.24058823529412
2019-10-24,PHARMA,18.31235294117647
2019-10-25,PHARMA,18.36588235294117
2019-10-28,PHARMA,18.37078431372549
2019-10-29,PHARMA,18.33490196078431
2019-10-30,PHARMA,18.41607843137255
2019-10-31,PHARMA,18.285098039215686
2019-11-01,PHARMA,18.16176470588235
2019-11-04,PHARMA,18.236078431372547
2019-11-05,PHARMA,18.134117647058822
2019-11-06,PHARMA,18.045882352941177
2019-11-07,PHARMA,17.999019607843138
2019-11-08,PHARMA,17.83764705882353
2019-11-11,PHARMA,17.909411764705883
2019-11-12,PHARMA,17.855686274509804
2019-11-13,PHARMA,18.029607843137256
2019-11-14,PHARMA,17.920980392156864
2019-11-15,PHARMA,17.80843137254902
2019-11-18,PHARMA,17.884901960784315
2019-11-19,PHARMA,17.891960784313724
2019-11-20,PHARMA,17.861568627450982
2019-11-21,PHARMA,17.729411764705883
2019-11-22,PHARMA,17.686666666666667
2019-11-25,PHARMA,17.54607843137255
2019-11-26,PHARMA,17.732115384615383
2019-11-27,PHARMA,17.815192307692307
2019-11-28,PHARMA,17.747307692307693
2019-11-29,PHARMA,17.71846153846154
2019-12-02,PHARMA,17.92596153846154
2019-12-03,PHARMA,17.70980769230769
2019-12-04,PHARMA,17.83
2019-12-05,PHARMA,17.88826923076923
2019-12-06,PHARMA,17.975384615384616
2019-12-09,PHARMA,17.96923076923077
2019-12-10,PHARMA,17.86076923076923
2019-12-11,PHARMA,17.95307692307692
2019-12-12,PHARMA,17.98519230769231
2019-12-13,PHARMA,17.872307692307693
2019-12-16,PHARMA,17.889038461538462
2019-12-17,PHARMA,17.976923076923075
2019-12-18,PHARMA,17.935
2019-12-19,PHARMA,17.895192307692305
2019-12-20,PHARMA,17.986153846153847
2019-12-23,PHARMA,18.21192307692308
2019-12-24,PHARMA,18.30326923076923
2019-12-25,PHARMA,18.086346153846154
2019-12-26,PHARMA,18.23096153846154
2019-12-27,PHARMA,18.39480769230769
2019-12-30,PHARMA,18.68769230769231
2019-12-31,PHARMA,19.04826923076923
2020-01-02,PHARMA,19.01980769230769
2020-01-03,PHARMA,19.11942307692308
2020-01-06,PHARMA,18.856153846153845
2020-01-07,PHARMA,18.935576923076923
2020-01-08,PHARMA,18.838653846153846
2020-01-09,PHARMA,18.87692307692308
2020-01-10,PHARMA,18.856923076923074
2020-01-13,PHARMA,18.77942307692308
2020-01-14,PHARMA,18.83
2020-01-15,PHARMA,18.87442307692308
2020-01-16,PHARMA,18.90192307692308
2020-01-17,PHARMA,18.99692307692308
2020-01-20,PHARMA,19.10865384615385
2020-01-21,PHARMA,19.13615384615385
2020-01-22,PHARMA,19.191538461538464
2020-01-30,PHARMA,19.282692307692308
2020-01-31,PHARMA,19.568653846153847
2020-02-03,PHARMA,19.56173076923077
2020-02-04,PHARMA,19.36230769230769
2020-02-05,PHARMA,19.278269230769236
2020-02-06,PHARMA,19.13346153846154
2020-02-07,PHARMA,19.23826923076923
2020-02-10,PHARMA,19.42692307692308
2020-02-11,PHARMA,19.425192307692303
2020-02-12,PHARMA,19.49884615384616
2020-02-13,PHARMA,19.30807692307692
2020-02-14,PHARMA,19.372884615384613
2020-02-17,PHARMA,19.387307692307694
2020-02-18,PHARMA,19.380384615384614
2020-02-19,PHARMA,19.36326923076923
2020-02-20,PHARMA,19.340576923076924
2020-02-21,PHARMA,19.236730769230768
2020-02-24,PHARMA,19.23038461538461
2020-02-25,PHARMA,19.223846153846157
2020-02-26,PHARMA,19.24326923076923
2020-02-27,PHARMA,19.2225
2020-02-28,PHARMA,19.17807692307692
2020-03-02,PHARMA,19.045192307692307
2020-03-03,PHARMA,18.8925
2020-03-04,PHARMA,18.837884615384617
2020-03-05,PHARMA,18.720192307692308
2020-03-06,PHARMA,18.864807692307693
2020-03-09,PHARMA,18.452115384615382
2020-03-10,PHARMA,18.60596153846154
2020-03-11,PHARMA,18.45442307692308
2020-03-12,PHARMA,18.17480769230769
2020-03-13,PHARMA,17.891538461538463
2020-03-16,PHARMA,17.987115384615386
2020-03-17,PHARMA,17.467692307692307
2020-03-18,PHARMA,17.6911320754717
2020-03-19,PHARMA,17.58754716981132
2020-03-20,PHARMA,17.42754716981132
2020-03-23,PHARMA,16.91433962264151
2020-03-24,PHARMA,16.80018867924528
2020-03-25,PHARMA,16.833584905660377
2020-03-26,PHARMA,16.762264150943395
2020-03-27,PHARMA,16.77433962264151
2020-03-30,PHARMA,16.552264150943397
2020-03-31,PHARMA,16.407169811320756
2020-04-01,PHARMA,16.57509433962264
2020-04-03,PHARMA,16.870754716981132
2020-04-06,PHARMA,17.116981132075473
2020-04-07,PHARMA,17.090188679245284
2020-04-08,PHARMA,17.276981132075473
2020-04-09,PHARMA,17.483207547169812
2020-04-10,PHARMA,17.49566037735849
2020-04-13,PHARMA,17.48811320754717
2020-04-14,PHARMA,17.494716981132076
2020-04-15,PHARMA,17.659245283018866
2020-04-16,PHARMA,17.677735849056603
2020-04-17,PHARMA,17.810943396226417
2020-04-20,PHARMA,17.853207547169813
2020-04-21,PHARMA,17.60301886792453
2020-04-22,PHARMA,17.740188679245282
2020-04-23,PHARMA,17.87811320754717
2020-04-24,PHARMA,17.872264150943398
2020-04-27,PHARMA,17.991509433962264
2020-04-28,PHARMA,18.07943396226415
2020-04-29,PHARMA,18.01622641509434
2020-05-04,PHARMA,17.960377358490565
2020-05-05,PHARMA,17.966037735849056
2020-05-06,PHARMA,18.186603773584903
2020-05-07,PHARMA,18.116603773584902
2020-05-08,PHARMA,18.04943396226415
2020-05-11,PHARMA,18.25490566037736
2020-05-12,PHARMA,18.31584905660377
2020-05-13,PHARMA,18.2688679245283
2020-05-14,PHARMA,18.270377358490563
2020-05-15,PHARMA,18.161698113207542
2020-05-18,PHARMA,18.19
2020-05-19,PHARMA,18.091132075471695
2020-05-20,PHARMA,18.1611320754717
2020-05-21,PHARMA,18.29830188679245
2020-05-22,PHARMA,18.245283018867923
2020-05-25,PHARMA,18.31584905660377
2020-05-26,PHARMA,18.30754716981132
2020-05-27,PHARMA,18.354339622641508
2020-05-28,PHARMA,18.220943396226417
2020-05-29,PHARMA,18.36716981132076
2020-06-01,PHARMA,18.49584905660377
2020-06-02,PHARMA,18.347735849056605
2020-06-03,PHARMA,18.267169811320755
2020-06-04,PHARMA,18.47867924528302
2020-06-05,PHARMA,18.538679245283017
2020-06-08,PHARMA,18.83037735849057
2020-06-09,PHARMA,18.753962264150942
2020-06-10,PHARMA,18.54339622641509
2020-06-11,PHARMA,18.385471698113207
2020-06-12,PHARMA,18.34509433962264
2020-06-15,PHARMA,18.18566037735849
2020-06-16,PHARMA,18.321320754716982
2020-06-17,PHARMA,18.258490566037736
2020-06-18,PHARMA,18.21203703703704
2020-06-19,PHARMA,18.41148148148148
2020-06-22,PHARMA,18.40462962962963
2020-06-23,PHARMA,18.25611111111111
2020-06-24,PHARMA,18.212777777777777
2020-06-25,PHARMA,18.221481481481483
2020-06-26,PHARMA,18.17981481481481
2020-06-29,PHARMA,17.954074074074075
2020-06-30,PHARMA,18.041481481481483
2020-07-01,PHARMA,18.06833333333333
2020-07-02,PHARMA,18.05388888888889
2020-07-03,PHARMA,18.088703703703704
2020-07-06,PHARMA,18.215740740740745
2020-07-07,PHARMA,18.212222222222223
2020-07-08,PHARMA,18.14962962962963
2020-07-09,PHARMA,18.314814814814813
2020-07-10,PHARMA,18.331666666666667
2020-07-13,PHARMA,18.496296296296297
2020-07-14,PHARMA,18.560925925925925
2020-07-15,PHARMA,18.71962962962963
2020-07-16,PHARMA,18.787777777777777
2020-07-17,PHARMA,18.74351851851852
2020-07-20,PHARMA,18.496666666666663
2020-07-21,PHARMA,18.53537037037037
2020-07-22,PHARMA,18.44185185185185
2020-07-23,PHARMA,18.09722222222222
2020-07-24,PHARMA,18.05925925925926
2020-07-27,PHARMA,17.867962962962963
2020-07-28,PHARMA,18.25592592592593
2020-07-29,PHARMA,18.41425925925926
2020-07-30,PHARMA,18.557962962962964
2020-07-31,PHARMA,18.55185185185185
2020-08-03,PHARMA,18.800555555555555
2020-08-04,PHARMA,18.799074074074078
2020-08-05,PHARMA,18.753703703703703
2020-08-06,PHARMA,18.65611111111111
2020-08-07,PHARMA,18.696296296296296
2020-08-10,PHARMA,18.647962962962964
2020-08-11,PHARMA,18.64037037037037
2020-08-12,PHARMA,18.649259259259257
2020-08-13,PHARMA,18.80425925925926
2020-08-14,PHARMA,18.826851851851853
2020-08-17,PHARMA,18.80296296296296
2020-08-18,PHARMA,19.071296296296296
2020-08-19,PHARMA,19.08981481481481
2020-08-20,PHARMA,19.02351851851852
2020-08-21,PHARMA,18.95740740740741
2020-08-24,PHARMA,19.31111111111111
2020-08-25,PHARMA,19.32314814814815
2020-08-26,PHARMA,19.18962962962963
2020-08-27,PHARMA,19.209074074074078
2020-08-28,PHARMA,19.442222222222224
2020-08-31,PHARMA,19.515555555555554
2020-09-01,PHARMA,19.525370370370368
2020-09-03,PHARMA,19.356296296296296
2020-09-04,PHARMA,19.382962962962964
2020-09-07,PHARMA,19.215925925925927
2020-09-08,PHARMA,19.334444444444443
2020-09-09,PHARMA,19.334814814814813
2020-09-10,PHARMA,19.40351851851852
2020-09-11,PHARMA,19.30574074074074
2020-09-14,PHARMA,19.19
2020-09-15,PHARMA,19.175185185185185
2020-09-16,PHARMA,19.289444444444445
2020-09-17,PHARMA,19.342407407407407
2020-09-18,PHARMA,19.287222222222223
2020-09-21,PHARMA,19.183703703703703
2020-09-22,PHARMA,19.14981481481481
2020-09-23,PHARMA,19.40425925925926
2020-09-24,PHARMA,19.306666666666665
2020-09-25,PHARMA,19.31796296296297
2020-09-28,PHARMA,19.334074074074078
2020-09-29,PHARMA,19.277962962962963
2020-09-30,PHARMA,19.47537037037037
2020-10-01,PHARMA,19.53
2020-10-02,PHARMA,19.287407407407407
2020-10-05,PHARMA,19.35833333333333
2020-10-06,PHARMA,19.416666666666668
2020-10-07,PHARMA,19.26037037037037
2020-10-08,PHARMA,19.33555555555556
2020-10-09,PHARMA,19.396481481481484
2020-10-12,PHARMA,19.29555555555556
2020-10-13,PHARMA,19.262222222222224
2020-10-14,PHARMA,19.419444444444448
2020-10-15,PHARMA,19.227777777777774
2020-10-16,PHARMA,19.36092592592593
2020-10-19,PHARMA,19.287407407407407
2020-10-20,PHARMA,19.395925925925926
2020-10-21,PHARMA,19.4522641509434
2020-10-22,PHARMA,19.45452830188679
2020-10-23,PHARMA,19.405471698113207
2020-10-26,PHARMA,19.35132075471698
2020-10-27,PHARMA,19.38830188679245
2020-10-28,PHARMA,19.1462962962963
2020-10-29,PHARMA,19.2987037037037
2020-10-30,PHARMA,19.36962962962963
2020-11-02,PHARMA,19.20777777777778
2020-11-03,PHARMA,19.05407407407408
2020-11-04,PHARMA,19.053148148148143
2020-11-05,PHARMA,19.01240740740741
2020-11-06,PHARMA,18.894074074074076
2020-11-09,PHARMA,18.882962962962964
2020-11-10,PHARMA,18.82
2020-11-11,PHARMA,18.93703703703704
2020-11-12,PHARMA,18.87388888888889
2020-11-13,PHARMA,18.88203703703704
2020-11-16,PHARMA,19.05037037037037
2020-11-17,PHARMA,19.020185185185184
2020-11-18,PHARMA,19.05685185185185
2020-11-19,PHARMA,19.022962962962964
2020-11-20,PHARMA,19.02722222222222
2020-11-23,PHARMA,19.07203703703704
2020-11-24,PHARMA,19.01685185185185
2020-11-25,PHARMA,19.151296296296294
2020-11-26,PHARMA,19.296296296296298
2020-11-27,PHARMA,19.23296296296296
2020-11-30,PHARMA,19.18148148148148
2020-12-01,PHARMA,19.24425925925926
2020-12-02,PHARMA,19.36388888888889
2020-12-03,PHARMA,19.24240740740741
2020-12-04,PHARMA,19.19333333333333
2020-12-07,PHARMA,19.326481481481483
2020-12-08,PHARMA,19.47685185185185
2020-12-09,PHARMA,19.464259259259254
2020-12-10,PHARMA,19.37388888888889
2020-12-11,PHARMA,19.514444444444443
2020-12-14,PHARMA,19.68777777777778
2020-12-15,PHARMA,19.659814814814816
2020-12-16,PHARMA,20.13148148148148
2020-12-17,PHARMA,20.229259259259265
2020-12-18,PHARMA,20.25925925925926
2020-12-21,PHARMA,20.31
2020-12-22,PHARMA,20.382037037037037
2020-12-23,PHARMA,20.376296296296296
2020-12-24,PHARMA,20.40055555555556
2020-12-25,PHARMA,20.609074074074076
2020-12-28,PHARMA,20.677037037037035
2020-12-29,PHARMA,20.779074074074074
2020-12-30,PHARMA,20.759444444444444
2020-12-31,PHARMA,20.802407407407404
2021-01-04,PHARMA,21.02203703703704
2021-01-05,PHARMA,21.25148148148148
2021-01-06,PHARMA,21.108545454545457
2021-01-07,PHARMA,21.24327272727273
2021-01-08,PHARMA,21.27563636363637
2021-01-11,PHARMA,21.30709090909091
2021-01-12,PHARMA,21.302909090909093
2021-01-13,PHARMA,21.34527272727273
2021-01-14,PHARMA,21.150727272727277
2021-01-15,PHARMA,21.288181818181812
2021-01-18,PHARMA,21.04636363636364
2021-01-19,PHARMA,20.52836363636364
2021-01-20,PHARMA,20.49436363636364
2021-01-21,PHARMA,20.729090909090907
2021-01-22,PHARMA,20.66018181818182
2021-01-25,PHARMA,20.453454545454548
2021-01-26,PHARMA,20.21727272727273
2021-01-27,PHARMA,20.22054545454545
2021-01-28,PHARMA,19.932727272727277
2021-01-29,PHARMA,20.666545454545457
2021-02-01,PHARMA,20.70290909090909
2021-02-02,PHARMA,20.547818181818183
2021-02-03,PHARMA,20.717636363636363
2021-02-04,PHARMA,20.57
2021-02-05,PHARMA,20.42236363636364
2021-02-08,PHARMA,20.425090909090912
2021-02-09,PHARMA,20.529636363636367
2021-02-17,PHARMA,20.461090909090903
2021-02-18,PHARMA,20.76981818181818
2021-02-19,PHARMA,21.12636363636364
2021-02-22,PHARMA,21.10836363636364
2021-02-23,PHARMA,21.194181818181814
2021-02-24,PHARMA,21.135272727272728
2021-02-25,PHARMA,21.117454545454542
2021-02-26,PHARMA,21.01490909090909
2021-03-01,PHARMA,21.00672727272727
2021-03-02,PHARMA,21.10909090909091
2021-03-03,PHARMA,21.49418181818182
2021-03-04,PHARMA,21.29090909090909
2021-03-05,PHARMA,21.323272727272727
2021-03-08,PHARMA,21.46727272727273
2021-03-09,PHARMA,21.55709090909091
2021-03-10,PHARMA,21.76709090909091
2021-03-11,PHARMA,21.84036363636364
2021-03-12,PHARMA,21.74127272727273
2021-03-15,PHARMA,21.961818181818185
2021-03-16,PHARMA,22.117818181818183
2021-03-17,PHARMA,22.160545454545453
2021-03-18,PHARMA,22.22854545454545
2021-03-19,PHARMA,22.43581818181818
2021-03-22,PHARMA,22.57781818181818
2021-03-23,PHARMA,22.62
2021-03-24,PHARMA,22.59181818181818
2021-03-25,PHARMA,22.550363636363635
2021-03-26,PHARMA,22.510909090909088
2021-03-29,PHARMA,22.638
2021-03-30,PHARMA,22.78690909090909
2021-03-31,PHARMA,22.791636363636364
2021-04-01,PHARMA,22.92963636363637
2021-04-02,PHARMA,23.14327272727273
2021-04-05,PHARMA,23.071272727272728
2021-04-06,PHARMA,23.197636363636366
2021-04-07,PHARMA,23.01818181818182
2021-04-08,PHARMA,23.15381818181818
2021-04-09,PHARMA,23.167636363636365
2021-04-12,PHARMA,23.095454545454544
2021-04-13,PHARMA,23.18490909090909
2021-04-14,PHARMA,22.96527272727273
2021-04-15,PHARMA,22.83727272727273
2021-04-16,PHARMA,22.60836363636364
2021-04-19,PHARMA,22.84327272727273
2021-04-20,PHARMA,22.943272727272728
2021-04-22,PHARMA,22.68381818181818
2021-04-23,PHARMA,22.56327272727273
2021-04-26,PHARMA,22.62090909090909
2021-04-27,PHARMA,22.728727272727276
2021-04-28,PHARMA,22.793636363636367
2021-04-29,PHARMA,22.680909090909093
2021-05-04,PHARMA,22.893636363636364
2021-05-05,PHARMA,22.95509090909091
2021-05-06,PHARMA,23.031454545454547
2021-05-07,PHARMA,22.917636363636365
2021-05-10,PHARMA,23.10963636363636
2021-05-11,PHARMA,23.068727272727276
2021-05-12,PHARMA,23.280727272727272
2021-05-13,PHARMA,23.59345454545455
2021-05-14,PHARMA,23.451272727272727
2021-05-17,PHARMA,23.68490909090909
2021-05-18,PHARMA,23.65127272727273
2021-05-19,PHARMA,24.18690909090909
2021-05-20,PHARMA,24.22472727272727
2021-05-21,PHARMA,24.358727272727272
2021-05-24,PHARMA,24.774181818181816
2021-05-25,PHARMA,24.97090909090909
2021-05-26,PHARMA,25.28109090909091
2021-05-27,PHARMA,25.750545454545453
2021-05-28,PHARMA,25.27836363636364
2021-05-31,PHARMA,25.095636363636363
2021-06-01,PHARMA,24.87381818181818
2021-06-02,PHARMA,24.51709090909091
2021-06-03,PHARMA,24.48109090909091
2021-06-04,PHARMA,25.384
2021-06-07,PHARMA,26.099818181818183
2021-06-08,PHARMA,26.239272727272727
2021-06-09,PHARMA,25.656
2021-06-10,PHARMA,25.05163636363636
2021-06-11,PHARMA,24.708
2021-06-14,PHARMA,24.954
2021-06-15,PHARMA,24.828
2021-06-16,PHARMA,25.374181818181818
2021-06-17,PHARMA,25.429454545454544
2021-06-18,PHARMA,25.60436363636364
2021-06-21,PHARMA,25.403454545454547
2021-06-22,PHARMA,25.064363636363638
2021-06-23,PHARMA,25.021636363636365
2021-06-24,PHARMA,24.86
2021-06-25,PHARMA,24.68854545454545
2021-06-28,PHARMA,24.65272727272728
2021-06-29,PHARMA,24.786727272727276
2021-06-30,PHARMA,24.95072727272727
2021-07-01,PHARMA,25.21963636363636
2021-07-02,PHARMA,25.05527272727273
2021-07-05,PHARMA,25.088545454545454
2021-07-06,PHARMA,24.665636363636366
2021-07-07,PHARMA,24.58872727272728
2021-07-08,PHARMA,24.59236363636364
2021-07-09,PHARMA,24.42218181818182
2021-07-12,PHARMA,23.762727272727272
2021-07-13,PHARMA,24.11636363636364
2021-07-14,PHARMA,24.111636363636364
2021-07-15,PHARMA,24.20072727272727
2021-07-16,PHARMA,24.264
2021-07-19,PHARMA,24.756727272727275
2021-07-20,PHARMA,24.96381818181818
2021-07-21,PHARMA,24.887454545454545
2021-07-22,PHARMA,24.63436363636364
2021-07-23,PHARMA,24.18472727272728
2021-07-26,PHARMA,24.45
2021-07-27,PHARMA,24.53218181818182
2021-07-28,PHARMA,24.57690909090909
2021-07-29,PHARMA,24.58927272727273
2021-07-30,PHARMA,24.635818181818184
2021-08-02,PHARMA,24.79381818181818
2021-08-03,PHARMA,24.96218181818182
2021-08-04,PHARMA,25.147090909090902
2021-08-05,PHARMA,24.99636363636364
2021-08-06,PHARMA,25.035818181818183
2021-08-09,PHARMA,25.19890909090909
2021-08-10,PHARMA,25.21490909090909
2021-08-11,PHARMA,25.261090909090907
2021-08-12,PHARMA,25.310727272727277
2021-08-13,PHARMA,25.123272727272727
2021-08-16,PHARMA,25.506181818181812
2021-08-17,PHARMA,25.73854545454545
2021-08-18,PHARMA,25.93781818181818
2021-08-19,PHARMA,26.252727272727277
2021-08-20,PHARMA,26.11090909090909
2021-08-23,PHARMA,26.346545454545453
2021-08-24,PHARMA,26.090545454545456
2021-08-25,PHARMA,26.10236363636364
2021-08-26,PHARMA,26.39436363636364
2021-08-27,PHARMA,27.556
2021-08-30,PHARMA,29.17709090909091
2021-08-31,PHARMA,29.915818181818185
2021-09-01,PHARMA,29.75581818181818
2021-09-06,PHARMA,28.89090909090909
2021-09-07,PHARMA,28.37036363636364
2021-09-08,PHARMA,28.232545454545452
2021-09-09,PHARMA,27.718545454545453
2021-09-10,PHARMA,27.561272727272726
2021-09-13,PHARMA,27.56054545454545
2021-09-14,PHARMA,27.511454545454548
2021-09-15,PHARMA,28.014
2021-09-16,PHARMA,27.70909090909091
2021-09-17,PHARMA,27.516
2021-09-20,PHARMA,27.36927272727273
2021-09-21,PHARMA,27.305454545454545
2021-09-22,PHARMA,27.555454545454545
2021-09-23,PHARMA,27.825636363636367
2021-09-24,PHARMA,27.58727272727273
2021-09-27,PHARMA,27.58909090909091
2021-09-28,PHARMA,27.453454545454548
2021-09-29,PHARMA,27.41836363636364
2021-09-30,PHARMA,27.62
2021-10-01,PHARMA,27.23018181818182
2021-10-04,PHARMA,27.087818181818182
2021-10-05,PHARMA,27.13036363636364
2021-10-06,PHARMA,27.305636363636363
2021-10-07,PHARMA,27.207818181818183
2021-10-08,PHARMA,27.30709090909091
2021-10-11,PHARMA,27.23381818181818
2021-10-12,PHARMA,27.231272727272728
2021-10-13,PHARMA,27.12781818181818
2021-10-14,PHARMA,27.14309090909091
2021-10-15,PHARMA,27.24509090909091
2021-10-18,PHARMA,27.165272727272725
2021-10-19,PHARMA,27.05836363636364
2021-10-20,PHARMA,27.157636363636364
2021-10-21,PHARMA,27.242363636363635
2021-10-22,PHARMA,27.56309090909091
2021-10-25,PHARMA,27.509818181818183
2021-10-26,PHARMA,27.594
2021-10-27,PHARMA,27.834545454545456
2021-10-28,PHARMA,27.67509090909091
2021-10-29,PHARMA,27.60090909090909
2021-11-01,PHARMA,27.635272727272728
2021-11-02,PHARMA,27.803818181818183
2021-11-03,PHARMA,27.75181818181818
2021-11-04,PHARMA,27.75418181818182
2021-11-05,PHARMA,28.05490909090909
2021-11-08,PHARMA,28.26309090909091
2021-11-09,PHARMA,28.535454545454545
2021-11-10,PHARMA,28.71090909090909
2021-11-11,PHARMA,28.233090909090908
2021-11-12,PHARMA,28.45618181818182
2021-11-15,PHARMA,28.56090909090909
2021-11-16,PHARMA,28.43509090909091
2021-11-17,PHARMA,28.361454545454546
2021-11-18,PHARMA,28.53236363636364
2021-11-19,PHARMA,28.26490909090909
2021-11-22,PHARMA,27.569454545454544
2021-11-23,PHARMA,28.021272727272727
2021-11-24,PHARMA,27.846
2021-11-25,PHARMA,27.809454545454543
2021-11-26,PHARMA,27.981272727272728
2021-11-29,PHARMA,28.573090909090908
2021-11-30,PHARMA,29.001272727272728
2021-12-01,PHARMA,29.03709090909091
2021-12-02,PHARMA,29.03
2021-12-03,PHARMA,28.73181818181818
2021-12-06,PHARMA,28.433636363636364
2021-12-07,PHARMA,28.61
2021-12-08,PHARMA,28.47
2021-12-09,PHARMA,28.766727272727277
2021-12-10,PHARMA,28.746
2021-12-13,PHARMA,28.82872727272727
2021-12-14,PHARMA,29.250545454545453
2021-12-15,PHARMA,29.365272727272725
2021-12-16,PHARMA,29.15672727272727
2021-12-17,PHARMA,29.28181818181818
2021-12-20,PHARMA,28.96090909090909
2021-12-21,PHARMA,28.804181818181817
2021-12-22,PHARMA,28.851964285714285
2021-12-23,PHARMA,28.74642857142857
2021-12-24,PHARMA,28.504464285714285
2021-12-27,PHARMA,28.59232142857143
2021-12-28,PHARMA,28.40339285714285
2021-12-29,PHARMA,28.61785714285714
2021-12-30,PHARMA,28.76017857142857
2021-12-31,PHARMA,29.083392857142854
2022-01-04,PHARMA,29.45678571428571
2022-01-05,PHARMA,29.52392857142857
2022-01-06,PHARMA,29.877142857142854
2022-01-07,PHARMA,29.636071428571427
2022-01-10,PHARMA,29.010714285714283
2022-01-11,PHARMA,28.49607142857143
2022-01-12,PHARMA,28.43232142857143
2022-01-13,PHARMA,27.99482142857143
2022-01-14,PHARMA,27.856607142857143
2022-01-17,PHARMA,27.31714285714286
2022-01-18,PHARMA,27.040357142857143
2022-01-19,PHARMA,27.045
2022-01-20,PHARMA,26.99017857142857
2022-01-21,PHARMA,27.13642857142857
2022-01-24,PHARMA,26.75321428571429
2022-01-25,PHARMA,26.682142857142857
2022-01-26,PHARMA,26.518571428571427
2022-01-27,PHARMA,26.511071428571427
2022-01-28,PHARMA,26.673214285714288
2022-02-07,PHARMA,26.78982142857143
2022-02-08,PHARMA,26.71357142857143
2022-02-09,PHARMA,26.860000000000003
2022-02-10,PHARMA,27.169821428571428
2022-02-11,PHARMA,27.14642857142857
2022-02-14,PHARMA,26.72357142857143
2022-02-15,PHARMA,26.893392857142857
2022-02-16,PHARMA,26.82017857142857
2022-02-17,PHARMA,26.87964285714286
2022-02-18,PHARMA,27.22571428571429
2022-02-21,PHARMA,28.295535714285712
2022-02-22,PHARMA,28.669464285714287
2022-02-23,PHARMA,29.03125
2022-02-24,PHARMA,28.41107142857143
2022-02-25,PHARMA,29.0275
2022-02-28,PHARMA,28.724464285714284
2022-03-01,PHARMA,28.521964285714287
2022-03-02,PHARMA,28.50857142857143
2022-03-03,PHARMA,28.474464285714284
2022-03-04,PHARMA,28.28982142857143
2022-03-07,PHARMA,28.286964285714284
2022-03-08,PHARMA,28.261071428571427
2022-03-09,PHARMA,28.096607142857145
2022-03-10,PHARMA,28.458214285714288
2022-03-11,PHARMA,28.408214285714283
2022-03-14,PHARMA,27.799642857142857
2022-03-15,PHARMA,27.98767857142857
2022-03-16,PHARMA,27.88232142857143
2022-03-17,PHARMA,27.830892857142857
2022-03-18,PHARMA,27.870535714285715
2022-03-21,PHARMA,28.05964285714285
2022-03-22,PHARMA,28.11303571428571
2022-03-23,PHARMA,28.24946428571429
2022-03-24,PHARMA,28.456071428571427
2022-03-25,PHARMA,28.616964285714285
2022-03-28,PHARMA,28.46535714285714
2022-03-29,PHARMA,28.75321428571429
2022-03-30,PHARMA,28.607857142857146
2022-03-31,PHARMA,28.668035714285715
2022-04-01,PHARMA,29.03446428571429
2022-04-04,PHARMA,29.332321428571426
2022-04-05,PHARMA,29.69089285714286
2022-04-06,PHARMA,29.405892857142856
2022-04-07,PHARMA,29.31017857142857
2022-04-08,PHARMA,29.3375
2022-04-12,PHARMA,29.03964285714286
2022-04-13,PHARMA,29.225357142857145
2022-04-14,PHARMA,29.178214285714287
2022-04-15,PHARMA,29.22571428571428
2022-04-18,PHARMA,28.62263157894737
2022-04-19,PHARMA,28.275438596491227
2022-04-20,PHARMA,27.909473684210525
2022-04-21,PHARMA,27.732280701754387
2022-04-22,PHARMA,27.22
2022-04-25,PHARMA,26.722280701754386
2022-04-26,PHARMA,26.9619298245614
2022-04-27,PHARMA,27.143508771929827
2022-04-28,PHARMA,27.100526315789477
2022-04-29,PHARMA,27.486666666666668
2022-05-04,PHARMA,27.049473684210525
2022-05-05,PHARMA,27.224736842105266
2022-05-06,PHARMA,27.15578947368421
2022-05-09,PHARMA,26.72421052631579
2022-05-10,PHARMA,26.76245614035088
2022-05-11,PHARMA,26.94070175438597
2022-05-12,PHARMA,26.35122807017544
2022-05-13,PHARMA,25.87333333333333
2022-05-16,PHARMA,25.734035087719292
2022-05-17,PHARMA,26.10140350877193
2022-05-18,PHARMA,25.85894736842105
2022-05-19,PHARMA,25.79877192982456
2022-05-20,PHARMA,26.00368421052632
2022-05-23,PHARMA,25.79877192982456
2022-05-24,PHARMA,25.551929824561405
2022-05-25,PHARMA,25.755438596491228
2022-05-26,PHARMA,25.633859649122808
2022-05-27,PHARMA,26.056491228070172
2022-05-30,PHARMA,25.77719298245614
2022-05-31,PHARMA,25.777894736842104
2022-06-01,PHARMA,25.700877192982457
2022-06-02,PHARMA,25.732982456140352
2022-06-03,PHARMA,25.738070175438597
2022-06-06,PHARMA,25.59982456140351
2022-06-07,PHARMA,25.515438596491222
2022-06-08,PHARMA,25.507192982456143
2022-06-09,PHARMA,25.60842105263158
2022-06-10,PHARMA,25.623859649122807
2022-06-13,PHARMA,25.123684210526317
2022-06-14,PHARMA,25.063859649122808
2022-06-15,PHARMA,25.05
2022-06-16,PHARMA,24.8540350877193
2022-06-17,PHARMA,24.58298245614035
2022-06-20,PHARMA,24.47421052631579
2022-06-21,PHARMA,24.022105263157894
2022-06-22,PHARMA,24.229122807017543
2022-06-23,PHARMA,24.18421052631579
2022-06-24,PHARMA,24.35982456140351
2022-06-27,PHARMA,24.320526315789472
2022-06-28,PHARMA,24.46368421052632
2022-06-29,PHARMA,24.406491228070177
2022-06-30,PHARMA,24.674385964912283
2022-07-01,PHARMA,24.47421052631579
2022-07-04,PHARMA,24.48701754385965
2022-07-05,PHARMA,24.361052631578943
2022-07-06,PHARMA,24.363508771929823
2022-07-07,PHARMA,24.64842105263158
2022-07-08,PHARMA,25.09894736842105
2022-07-11,PHARMA,25.019473684210524
2022-07-12,PHARMA,24.91964912280702
2022-07-13,PHARMA,24.856140350877197
2022-07-14,PHARMA,24.96157894736842
2022-07-15,PHARMA,24.907719298245613
2022-07-18,PHARMA,24.776140350877192
2022-07-19,PHARMA,24.682413793103446
2022-07-20,PHARMA,24.969310344827587
2022-07-21,PHARMA,24.924482758620687
2022-07-22,PHARMA,24.69741379310345
2022-07-25,PHARMA,24.264482758620687
2022-07-26,PHARMA,24.49775862068966
2022-07-27,PHARMA,24.54310344827586
2022-07-28,PHARMA,24.368448275862068
2022-07-29,PHARMA,24.29051724137931
2022-08-01,PHARMA,24.4296551724138
2022-08-02,PHARMA,24.31551724137931
2022-08-03,PHARMA,24.289310344827587
2022-08-04,PHARMA,24.316206896551723
2022-08-05,PHARMA,24.295172413793104
2022-08-08,PHARMA,24.681724137931035
2022-08-09,PHARMA,24.266896551724138
2022-08-10,PHARMA,24.43551724137931
2022-08-11,PHARMA,24.63137931034483
2022-08-12,PHARMA,24.858275862068965
2022-08-15,PHARMA,24.360517241379316
2022-08-16,PHARMA,24.28672413793103
2022-08-17,PHARMA,24.190172413793103
2022-08-18,PHARMA,24.069137931034483
2022-08-19,PHARMA,24.31241379310345
2022-08-22,PHARMA,24.09051724137931
2022-08-23,PHARMA,24.075
2022-08-24,PHARMA,24.08431034482759
2022-08-25,PHARMA,24.10137931034483
2022-08-26,PHARMA,24.0496551724138
2022-08-29,PHARMA,23.901379310344826
2022-08-30,PHARMA,23.77758620689655
2022-08-31,PHARMA,23.83672413793104
2022-09-05,PHARMA,23.977068965517244
2022-09-06,PHARMA,23.83155172413793
2022-09-07,PHARMA,23.655862068965515
2022-09-08,PHARMA,23.727758620689656
2022-09-09,PHARMA,23.82689655172414
2022-09-12,PHARMA,23.72068965517241
2022-09-13,PHARMA,23.80275862068965
2022-09-14,PHARMA,23.66379310344828
2022-09-15,PHARMA,23.66379310344828
2022-09-16,PHARMA,23.54827586206897
2022-09-19,PHARMA,23.689655172413797
2022-09-20,PHARMA,23.57844827586207
2022-09-21,PHARMA,23.442586206896557
2022-09-22,PHARMA,23.53862068965517
2022-09-23,PHARMA,23.58672413793104
2022-09-26,PHARMA,23.446551724137933
2022-09-27,PHARMA,23.547241379310343
2022-09-28,PHARMA,23.31379310344828
2022-09-29,PHARMA,23.7351724137931
2022-09-30,PHARMA,23.582758620689653
2022-10-03,PHARMA,23.455
2022-10-04,PHARMA,23.45706896551724
2022-10-05,PHARMA,23.40396551724138
2022-10-06,PHARMA,23.37448275862069
2022-10-07,PHARMA,23.067586206896557
2022-10-10,PHARMA,22.89034482758621
2022-10-11,PHARMA,22.69913793103448
2022-10-12,PHARMA,22.969310344827587
2022-10-13,PHARMA,23.002068965517243
2022-10-14,PHARMA,23.11810344827586
2022-10-17,PHARMA,22.95551724137931
2022-10-18,PHARMA,22.923965517241378
2022-10-19,PHARMA,22.922758620689656
2022-10-20,PHARMA,23.035
2022-10-21,PHARMA,23.12879310344828
2022-10-24,PHARMA,23.17551724137931
2022-10-25,PHARMA,23.279827586206896
2022-10-26,PHARMA,23.13189655172414
2022-10-27,PHARMA,22.863793103448277
2022-10-28,PHARMA,22.93275862068965
2022-10-31,PHARMA,22.83775862068965
2022-11-01,PHARMA,23.22396551724138
2022-11-02,PHARMA,22.82913793103448
2022-11-03,PHARMA,22.910172413793106
2022-11-04,PHARMA,22.903275862068963
2022-11-07,PHARMA,22.58206896551724
2022-11-08,PHARMA,22.404310344827586
2022-11-09,PHARMA,22.525
2022-11-10,PHARMA,22.42137931034483
2022-11-11,PHARMA,22.231929824561405
2022-11-14,PHARMA,21.86586206896552
2022-11-15,PHARMA,21.67293103448276
2022-11-16,PHARMA,21.86568965517241
2022-11-17,PHARMA,21.886206896551723
2022-11-18,PHARMA,22.037586206896552
2022-11-21,PHARMA,22.194655172413796
2022-11-22,PHARMA,22.07637931034483
2022-11-23,PHARMA,22.21206896551724
2022-11-24,PHARMA,22.29758620689655
2022-11-25,PHARMA,22.24578947368421
2022-11-28,PHARMA,22.264137931034483
2022-11-29,PHARMA,22.39051724137931
2022-11-30,PHARMA,22.650517241379312
2022-12-01,PHARMA,22.326206896551724
2022-12-02,PHARMA,22.81051724137931
2022-12-05,PHARMA,23.00586206896552
2022-12-06,PHARMA,22.81793103448276
2022-12-07,PHARMA,22.78210526315789
2022-12-08,PHARMA,22.98263157894737
2022-12-09,PHARMA,22.50175438596491
2022-12-12,PHARMA,22.50122807017544
2022-12-13,PHARMA,22.37736842105263
2022-12-14,PHARMA,22.359649122807017
2022-12-15,PHARMA,22.688965517241375
2022-12-16,PHARMA,22.614736842105263
2022-12-19,PHARMA,22.562631578947368
2022-12-20,PHARMA,22.924736842105265
2022-12-21,PHARMA,22.762758620689656
2022-12-22,PHARMA,22.74948275862069
2022-12-23,PHARMA,22.79438596491228
2022-12-26,PHARMA,23.00379310344828
2022-12-27,PHARMA,22.893275862068965
2022-12-28,PHARMA,23.17206896551724
2022-12-29,PHARMA,23.501379310344827
2022-12-30,PHARMA,23.63362068965517
2023-01-03,PHARMA,23.75741379310345
2023-01-04,PHARMA,23.88758620689655
2023-01-05,PHARMA,23.50948275862069
2023-01-06,PHARMA,23.55152542372881
2023-01-09,PHARMA,23.637966101694914
2023-01-10,PHARMA,24.030677966101692
2023-01-11,PHARMA,23.985593220338984
2023-01-12,PHARMA,23.58796610169492
2023-01-13,PHARMA,23.43
2023-01-16,PHARMA,23.40542372881356
2023-01-17,PHARMA,23.52694915254237
2023-01-18,PHARMA,23.753728813559324
2023-01-19,PHARMA,24.07898305084745
2023-01-27,PHARMA,24.368813559322035
2023-01-30,PHARMA,24.32694915254237
2023-01-31,PHARMA,24.190338983050847
2023-02-01,PHARMA,23.881525423728814
2023-02-02,PHARMA,23.71135593220339
2023-02-03,PHARMA,23.95084745762712
2023-02-06,PHARMA,24.003389830508475
2023-02-07,PHARMA,24.07067796610169
2023-02-08,PHARMA,24.034237288135596
2023-02-09,PHARMA,23.98915254237288
2023-02-10,PHARMA,24.11728813559322
2023-02-13,PHARMA,24.24694915254237
2023-02-14,PHARMA,24.19406779661017
2023-02-15,PHARMA,24.144745762711864
2023-02-16,PHARMA,24.246610169491525
2023-02-17,PHARMA,24.59542372881356
2023-02-20,PHARMA,24.45137931034483
2023-02-21,PHARMA,24.276896551724136
2023-02-22,PHARMA,24.30310344827586
2023-02-23,PHARMA,23.936610169491527
2023-02-24,PHARMA,23.8971186440678
2023-02-27,PHARMA,24.04084745762712
2023-02-28,PHARMA,23.93898305084745
2023-03-01,PHARMA,23.70050847457627
2023-03-02,PHARMA,23.994745762711865
2023-03-03,PHARMA,23.781186440677963
2023-03-06,PHARMA,23.74627118644068
2023-03-07,PHARMA,23.728305084745763
2023-03-08,PHARMA,23.597627118644063
2023-03-09,PHARMA,23.79258620689655
2023-03-10,PHARMA,23.80067796610169
2023-03-13,PHARMA,23.84169491525424
2023-03-14,PHARMA,23.69
2023-03-15,PHARMA,23.598813559322032
2023-03-16,PHARMA,23.56813559322034
2023-03-17,PHARMA,23.792033898305085
2023-03-20,PHARMA,23.839830508474577
2023-03-21,PHARMA,23.836779661016948
2023-03-22,PHARMA,23.766610169491525
2023-03-23,PHARMA,23.73322033898305
2023-03-24,PHARMA,23.705689655172414
2023-03-27,PHARMA,23.61586206896552
2023-03-28,PHARMA,23.60169491525424
2023-03-29,PHARMA,23.219830508474576
2023-03-30,PHARMA,23.361206896551725
2023-03-31,PHARMA,23.23237288135593
2023-04-03,PHARMA,23.139322033898303
2023-04-04,PHARMA,23.25224137931034
2023-04-05,PHARMA,23.0864406779661
2023-04-06,PHARMA,22.984745762711864
2023-04-07,PHARMA,22.982881355932204
2023-04-10,PHARMA,23.232033898305087
2023-04-11,PHARMA,23.197627118644068
2023-04-12,PHARMA,23.332203389830507
2023-04-13,PHARMA,23.26084745762712
2023-04-14,PHARMA,23.18118644067797
2023-04-17,PHARMA,23.22203389830508
2023-04-18,PHARMA,23.206206896551723
2023-04-19,PHARMA,23.48741379310345
2023-04-20,PHARMA,23.478793103448275
2023-04-21,PHARMA,23.733448275862067
2023-04-24,PHARMA,23.908644067796608
2023-04-25,PHARMA,23.62103448275862
2023-04-26,PHARMA,23.394915254237286
2023-04-27,PHARMA,23.47254237288136
2023-04-28,PHARMA,23.332711864406782
2023-05-04,PHARMA,23.692711864406785
2023-05-05,PHARMA,24.043389830508477
2023-05-08,PHARMA,24.12627118644068
2023-05-09,PHARMA,24.069322033898302
2023-05-10,PHARMA,24.05237288135593
2023-05-11,PHARMA,24.316101694915258
2023-05-12,PHARMA,24.37220338983051
2023-05-15,PHARMA,24.534915254237287
2023-05-16,PHARMA,24.48
2023-05-17,PHARMA,24.32694915254237
2023-05-18,PHARMA,24.4664406779661
2023-05-19,PHARMA,24.212033898305084
2023-05-22,PHARMA,24.19627118644068
2023-05-23,PHARMA,24.51898305084746
2023-05-24,PHARMA,24.19813559322034
2023-05-25,PHARMA,24.724237288135598
2023-05-26,PHARMA,24.192203389830507
2023-05-29,PHARMA,24.522881355932203
2023-05-30,PHARMA,24.761525423728816
2023-05-31,PHARMA,24.60728813559322
2023-06-01,PHARMA,25.158135593220337
2023-06-02,PHARMA,24.78508474576271
2023-06-05,PHARMA,24.933559322033897
2023-06-06,PHARMA,24.82293103448276
2023-06-07,PHARMA,25.149491525423727
2023-06-08,PHARMA,25.23169491525424
2023-06-09,PHARMA,25.602203389830507
2023-06-12,PHARMA,25.651186440677968
2023-06-13,PHARMA,25.85406779661017
2023-06-14,PHARMA,25.926440677966102
2023-06-15,PHARMA,25.91491525423729
2023-06-16,PHARMA,26.23237288135593
2023-06-19,PHARMA,26.42508474576271
2023-06-20,PHARMA,26.09508474576271
2023-06-21,PHARMA,26.12593220338983
2023-06-22,PHARMA,25.86576271186441
2023-06-23,PHARMA,25.891551724137933
2023-06-26,PHARMA,25.78796610169492
2023-06-27,PHARMA,26.32220338983051
2023-06-28,PHARMA,26.180000000000003
2023-06-29,PHARMA,26.495084745762718
2023-06-30,PHARMA,26.588474576271185
2023-07-03,PHARMA,26.638448275862068
2023-07-04,PHARMA,26.517068965517243
2023-07-05,PHARMA,26.560701754385967
2023-07-06,PHARMA,26.564310344827582
2023-07-07,PHARMA,26.356896551724137
2023-07-10,PHARMA,26.50068965517241
2023-07-11,PHARMA,26.463620689655173
2023-07-12,PHARMA,26.433389830508474
2023-07-13,PHARMA,26.5635593220339
2023-07-14,PHARMA,26.45728813559322
2023-07-17,PHARMA,26.43406779661017
2023-07-18,PHARMA,26.47694915254237
2023-07-19,PHARMA,26.575084745762712
2023-07-20,PHARMA,26.709322033898303
2023-07-21,PHARMA,26.7028813559322
2023-07-24,PHARMA,26.52155172413793
2023-07-25,PHARMA,26.443103448275863
2023-07-26,PHARMA,26.59603448275862
2023-07-27,PHARMA,26.430344827586207
2023-07-28,PHARMA,26.54672413793104
2023-07-31,PHARMA,26.472586206896555
2023-08-01,PHARMA,26.55155172413793
2023-08-02,PHARMA,26.518103448275863
2023-08-03,PHARMA,26.48465517241379
2023-08-04,PHARMA,26.41413793103448
2023-08-07,PHARMA,26.18033898305085
2023-08-08,PHARMA,26.140508474576272
2023-08-09,PHARMA,26.468474576271188
2023-08-10,PHARMA,26.291016949152542
2023-08-11,PHARMA,26.064406779661017
2023-08-14,PHARMA,26.19627118644068
2023-08-15,PHARMA,26.203389830508478
2023-08-16,PHARMA,26.162711864406777
2023-08-17,PHARMA,26.225762711864405
2023-08-18,PHARMA,25.86525423728813
2023-08-21,PHARMA,25.98677966101695
2023-08-22,PHARMA,25.70271186440678
2023-08-23,PHARMA,25.75
2023-08-24,PHARMA,25.932881355932203
2023-08-25,PHARMA,25.95661016949153
2023-08-28,PHARMA,26.008474576271187
2023-08-29,PHARMA,26.46237288135593
2023-08-30,PHARMA,26.57593220338983
2023-08-31,PHARMA,26.50305084745763
2023-09-05,PHARMA,26.646949152542373
2023-09-06,PHARMA,26.97406779661017
2023-09-07,PHARMA,27.22186440677966
2023-09-08,PHARMA,26.95050847457627
2023-09-11,PHARMA,26.981355932203392
2023-09-12,PHARMA,26.92169491525424
2023-09-13,PHARMA,27.045084745762715
2023-09-14,PHARMA,27.008474576271187
2023-09-15,PHARMA,26.821016949152543
2023-09-18,PHARMA,26.806949152542373
2023-09-19,PHARMA,26.86220338983051
2023-09-20,PHARMA,26.80152542372881
2023-09-21,PHARMA,26.888813559322035
2023-09-22,PHARMA,26.80084745762712
2023-09-25,PHARMA,26.34542372881356
2023-09-26,PHARMA,26.36728813559322
2023-09-27,PHARMA,26.47186440677966
2023-09-28,PHARMA,26.176440677966102
2023-09-29,PHARMA,26.450677966101694
2023-10-02,PHARMA,26.48220338983051
2023-10-03,PHARMA,26.359491525423728
2023-10-04,PHARMA,26.284237288135596
2023-10-05,PHARMA,26.360169491525426
2023-10-06,PHARMA,26.55457627118644
2023-10-09,PHARMA,26.800508474576272
2023-10-10,PHARMA,26.948983050847456
2023-10-11,PHARMA,26.63389830508475
2023-10-12,PHARMA,26.780169491525424
2023-10-13,PHARMA,26.882542372881357
2023-10-16,PHARMA,26.796440677966103
2023-10-17,PHARMA,26.772711864406777
2023-10-18,PHARMA,27.02508474576271
2023-10-19,PHARMA,27.383389830508477
2023-10-20,PHARMA,27.519322033898305
2023-10-23,PHARMA,27.343898305084743
2023-10-24,PHARMA,27.22
2023-10-25,PHARMA,27.860000000000003
2023-10-26,PHARMA,27.356379310344828
2023-10-27,PHARMA,27.12793103448276
2023-10-30,PHARMA,27.451034482758622
2023-10-31,PHARMA,27.28051724137931
2023-11-01,PHARMA,27.134827586206896
2023-11-02,PHARMA,27.56379310344828
2023-11-03,PHARMA,27.68655172413793
2023-11-06,PHARMA,27.657413793103448
2023-11-07,PHARMA,27.70827586206897
2023-11-08,PHARMA,27.79706896551724
2023-11-09,PHARMA,27.893275862068965
2023-11-10,PHARMA,27.918275862068967
2023-11-13,PHARMA,28.115172413793104
2023-11-14,PHARMA,28.034310344827585
2023-11-15,PHARMA,28.21310344827586
2023-11-16,PHARMA,28.20241379310345
2023-11-17,PHARMA,28.13362068965517
2023-11-20,PHARMA,28.16275862068965
2023-11-21,PHARMA,28.17465517241379
2023-11-22,PHARMA,28.19155172413793
2023-11-23,PHARMA,27.90103448275862
2023-11-24,PHARMA,27.52293103448276
2023-11-27,PHARMA,27.58137931034483
2023-11-28,PHARMA,27.813103448275864
2023-11-29,PHARMA,28.034310344827585
2023-11-30,PHARMA,28.16155172413793
2023-12-01,PHARMA,28.25603448275862
2023-12-04,PHARMA,28.310344827586206
2023-12-05,PHARMA,28.34879310344828
2023-12-06,PHARMA,27.966724137931035
2023-12-07,PHARMA,27.399310344827583
2023-12-08,PHARMA,26.981034482758623
2023-12-11,PHARMA,27.317586206896557
2023-12-12,PHARMA,27.51206896551724
2023-12-13,PHARMA,27.050689655172416
2023-12-14,PHARMA,27.535
2023-12-15,PHARMA,27.52862068965517
2023-12-18,PHARMA,27.337241379310345
2023-12-19,PHARMA,27.654827586206896
2023-12-20,PHARMA,27.77896551724138
2023-12-21,PHARMA,27.649827586206897
2023-12-22,PHARMA,27.52086206896552
2023-12-25,PHARMA,28.21275862068965
2023-12-26,PHARMA,28.13672413793104
2023-12-27,PHARMA,28.477241379310342
2023-12-28,PHARMA,28.83103448275862
2023-12-29,PHARMA,28.686379310344822
2024-01-02,PHARMA,28.53620689655172
2024-01-03,PHARMA,28.608448275862067
2024-01-04,PHARMA,28.780689655172413
2024-01-05,PHARMA,28.71948275862069
2024-01-08,PHARMA,28.78862068965517
2024-01-09,PHARMA,28.71396551724138
2024-01-10,PHARMA,28.45189655172414
2024-01-11,PHARMA,28.54310344827586
2024-01-12,PHARMA,28.42534482758621
2024-01-15,PHARMA,28.60293103448276
2024-01-16,PHARMA,28.74258620689655
2024-01-17,PHARMA,28.520000000000003
2024-01-18,PHARMA,28.503275862068968
2024-01-19,PHARMA,28.50396551724138
2024-01-22,PHARMA,28.300689655172416
2024-01-23,PHARMA,28.474827586206896
2024-01-24,PHARMA,28.432413793103446
2024-01-25,PHARMA,28.10551724137931
2024-01-26,PHARMA,28.43396551724138
2024-01-29,PHARMA,28.483275862068965
2024-01-30,PHARMA,28.12603448275862
2024-01-31,PHARMA,28.83206896551724
2024-02-01,PHARMA,28.82844827586207
2024-02-02,PHARMA,28.817241379310342
2024-02-05,PHARMA,28.61655172413793
2024-02-06,PHARMA,28.68103448275862
2024-02-07,PHARMA,28.84551724137931
2024-02-15,PHARMA,28.97189655172414
2024-02-16,PHARMA,29.070862068965518
2024-02-19,PHARMA,28.957241379310343
2024-02-20,PHARMA,29.07293103448276
2024-02-21,PHARMA,28.91103448275862
2024-02-22,PHARMA,28.83827586206897
2024-02-23,PHARMA,28.870172413793103
2024-02-26,PHARMA,28.902413793103445
2024-02-27,PHARMA,29.08362068965517
2024-02-28,PHARMA,29.16586206896552
2024-02-29,PHARMA,28.949827586206894
2024-03-01,PHARMA,28.89862068965517
2024-03-04,PHARMA,29.17586206896552
2024-03-05,PHARMA,29.313965517241375
2024-03-06,PHARMA,29.39862068965517
2024-03-07,PHARMA,29.44448275862069
2024-03-08,PHARMA,29.477758620689656
2024-03-11,PHARMA,29.576724137931038
2024-03-12,PHARMA,29.602241379310342
2024-03-13,PHARMA,29.717758620689654
2024-03-14,PHARMA,29.523448275862066
2024-03-15,PHARMA,29.58189655172414
2024-03-18,PHARMA,29.28293103448276
2024-03-19,PHARMA,29.13637931034483
2024-03-20,PHARMA,29.065
2024-03-21,PHARMA,29.16551724137931
2024-03-22,PHARMA,29.11362068965517
2024-03-25,PHARMA,29.09879310344828
2024-03-26,PHARMA,29.26137931034483
2024-03-27,PHARMA,29.21051724137931
2024-03-28,PHARMA,29.253103448275866
2024-03-29,PHARMA,28.958448275862068
2024-04-01,PHARMA,28.802413793103447
2024-04-02,PHARMA,29.111724137931034
2024-04-03,PHARMA,29.26586206896552
2024-04-04,PHARMA,29.369137931034484
2024-04-05,PHARMA,29.521034482758623
2024-04-08,PHARMA,29.275172413793104
2024-04-09,PHARMA,29.33051724137931
2024-04-10,PHARMA,29.188103448275864
2024-04-11,PHARMA,29.35293103448276
2024-04-12,PHARMA,29.87379310344828
2024-04-15,PHARMA,29.63172413793104
2024-04-16,PHARMA,29.779827586206896
2024-04-17,PHARMA,29.61793103448276
2024-04-19,PHARMA,29.55103448275862
2024-04-22,PHARMA,29.431896551724137
2024-04-23,PHARMA,29.30310344827586
2024-04-24,PHARMA,29.443103448275863
2024-04-25,PHARMA,29.683275862068967
2024-04-26,PHARMA,29.67551724137931
2024-05-02,PHARMA,29.908947368421053
2024-05-03,PHARMA,29.896140350877197
2024-05-06,PHARMA,29.77298245614035
2024-05-07,PHARMA,29.729824561403507
2024-05-08,PHARMA,29.7740350877193
2024-05-09,PHARMA,30.049298245614036
2024-05-10,PHARMA,30.00052631578947
2024-05-13,PHARMA,30.09140350877193
2024-05-14,PHARMA,30.053684210526317
2024-05-15,PHARMA,29.516896551724138
2024-05-16,PHARMA,29.526379310344826
2024-05-17,PHARMA,29.702758620689654
2024-05-20,PHARMA,29.83586206896552
2024-05-21,PHARMA,29.90379310344828
2024-05-22,PHARMA,30.356896551724137
2024-05-23,PHARMA,29.95068965517241
2024-05-24,PHARMA,29.88258620689655
2024-05-27,PHARMA,29.81603448275862
2024-05-28,PHARMA,29.61448275862069
2024-05-29,PHARMA,29.51620689655173
2024-05-30,PHARMA,29.55362068965517
2024-05-31,PHARMA,29.774655172413794
2024-06-03,PHARMA,29.79741379310345
2024-06-04,PHARMA,29.76206896551724
2024-06-05,PHARMA,29.78879310344828
2024-06-06,PHARMA,29.815862068965515
2024-06-07,PHARMA,29.88637931034483
2024-06-10,PHARMA,29.976551724137927
2024-06-11,PHARMA,29.749655172413792
2024-06-12,PHARMA,29.65896551724138
2024-06-13,PHARMA,29.75603448275862
2024-06-14,PHARMA,29.91913793103448
2024-06-17,PHARMA,29.94551724137931
2024-06-18,PHARMA,30.109482758620693
2024-06-19,PHARMA,30.127241379310348
2024-06-20,PHARMA,30.146724137931034
2024-06-21,PHARMA,30.16396551724138
2024-06-24,PHARMA,29.519310344827584
2024-06-25,PHARMA,29.68706896551724
2024-06-26,PHARMA,29.63637931034483
2024-06-27,PHARMA,29.61448275862069
2024-06-28,PHARMA,29.34344827586207
2024-07-01,PHARMA,29.937413793103445
2024-07-02,PHARMA,29.77706896551724
2024-07-03,PHARMA,29.68948275862069
2024-07-04,PHARMA,29.84448275862069
2024-07-05,PHARMA,29.83655172413793
2024-07-08,PHARMA,29.902413793103445
2024-07-09,PHARMA,29.54758620689655
2024-07-10,PHARMA,29.897241379310344
2024-07-11,PHARMA,30.20741379310345
2024-07-12,PHARMA,30.14
2024-07-15,PHARMA,30.50155172413793
2024-07-16,PHARMA,31.84103448275862
2024-07-17,PHARMA,31.411896551724137
2024-07-18,PHARMA,31.03568965517241
2024-07-19,PHARMA,30.58706896551724
2024-07-22,PHARMA,30.65672413793104
2024-07-23,PHARMA,30.163103448275866
2024-07-24,PHARMA,30.271724137931034
2024-07-25,PHARMA,30.208965517241374
2024-07-26,PHARMA,31.94804347826087
2024-07-29,PHARMA,28.74581395348837
2024-07-30,PHARMA,32.93380952380952
2024-07-31,PHARMA,33.02904761904762
2024-08-01,PHARMA,36.14243902439024
2024-08-02,PHARMA,31.476190476190474
2024-08-05,PHARMA,32.38794871794872
2024-08-06,PHARMA,28.23
2024-08-07,PHARMA,36.20575
2024-08-08,PHARMA,32.0355
2024-08-09,PHARMA,29.76906976744186
2024-08-12,PHARMA,30.934102564102567
2024-08-13,PHARMA,31.72591836734694
2024-08-14,PHARMA,33.072682926829266
2024-08-15,PHARMA,34.42675
2024-08-16,PHARMA,31.39886363636364
2024-08-19,PHARMA,31.052307692307693
2024-08-20,PHARMA,33.392820512820514
2024-08-21,PHARMA,31.34609756097561
2024-08-22,PHARMA,34.42794871794872
2024-08-23,PHARMA,32.48875
2024-08-26,PHARMA,32.53818181818182
2024-08-27,PHARMA,33.40162790697674
2024-08-28,PHARMA,32.3527027027027
2024-08-29,PHARMA,37.916
2024-08-30,PHARMA,35.49404761904762
2024-09-04,PHARMA,31.093333333333337
2024-09-05,PHARMA,36.16
2024-09-06,PHARMA,34.9697619047619
2024-09-09,PHARMA,35.356857142857145
2024-09-10,PHARMA,35.15472222222222
2024-09-11,PHARMA,30.179166666666667
2024-09-12,PHARMA,32.31461538461539
2024-09-13,PHARMA,30.64918918918919
2024-09-16,PHARMA,29.332
2024-09-17,PHARMA,34.947428571428574
2024-09-18,PHARMA,35.66175
2024-09-19,PHARMA,33.383421052631576
2024-09-20,PHARMA,31.96973684210526
2024-09-23,PHARMA,32.90575
2024-09-24,PHARMA,32.31526315789474
2024-09-25,PHARMA,29.406153846153845
2024-09-26,PHARMA,32.574444444444445
2024-09-27,PHARMA,36.537179487179486
2024-09-30,PHARMA,30.90846153846154
2024-10-01,PHARMA,29.401052631578946
2024-10-02,PHARMA,29.60070175438597
2024-10-03,PHARMA,29.124035087719296
2024-10-04,PHARMA,29.29684210526316
2024-10-07,PHARMA,29.16859649122807
2024-10-08,PHARMA,29.21368421052632
2024-10-09,PHARMA,29.528771929824565
2024-10-10,PHARMA,29.38859649122807
2024-10-11,PHARMA,29.807894736842105
2024-10-14,PHARMA,29.85105263157895
2024-10-15,PHARMA,29.83
2024-10-16,PHARMA,29.629298245614034
2024-10-17,PHARMA,29.55052631578948
2024-10-18,PHARMA,29.65333333333333
2024-10-21,PHARMA,29.64438596491228
2024-10-22,PHARMA,29.31456140350877
2024-10-23,PHARMA,29.39368421052632
2024-10-24,PHARMA,28.94298245614035
2024-10-25,PHARMA,28.930701754385964
2024-10-28,PHARMA,28.61385964912281
2024-10-29,PHARMA,28.77754385964912
2024-10-30,PHARMA,28.481052631578947
2024-10-31,PHARMA,28.49175438596491
2024-11-01,PHARMA,28.50385964912281
2024-11-04,PHARMA,28.493859649122808
2024-11-05,PHARMA,28.430701754385964
2024-11-06,PHARMA,28.444035087719296
2024-11-07,PHARMA,28.164912280701756
2024-11-08,PHARMA,28.14684210526316
2024-11-11,PHARMA,28.180350877192986
2024-11-12,PHARMA,28.158947368421053
2024-11-13,PHARMA,28.38754385964912
2024-11-14,PHARMA,28.294035087719298
2024-11-15,PHARMA,28.208771929824564
2024-11-18,PHARMA,28.06614035087719
2024-11-19,PHARMA,28.21245614035088
2024-11-20,PHARMA,28.227719298245614
2024-11-21,PHARMA,28.242631578947368
2024-11-22,PHARMA,28.332105263157896
2024-11-25,PHARMA,28.16964912280702
2024-11-26,PHARMA,28.15438596491228
2024-11-27,PHARMA,28.051929824561405
2024-11-28,PHARMA,28.433157894736844
2024-11-29,PHARMA,28.69
2024-12-02,PHARMA,28.84684210526316
2024-12-03,PHARMA,29.066491228070173
2024-12-04,PHARMA,29.289122807017545
2024-12-05,PHARMA,29.17140350877193
2024-12-06,PHARMA,29.05456140350877
2024-12-09,PHARMA,29.14859649122807
2024-12-10,PHARMA,29.210350877192983
2024-12-11,PHARMA,29.296491228070177
2024-12-12,PHARMA,29.30017543859649
2024-12-13,PHARMA,29.146491228070172
2024-12-16,PHARMA,29.152105263157896
2024-12-17,PHARMA,29.145263157894732
2024-12-18,PHARMA,29.13578947368421
2024-12-19,PHARMA,29.08877192982456
2024-12-20,PHARMA,29.08
2024-12-23,PHARMA,29.062456140350875
2024-12-24,PHARMA,29.102456140350878
2024-12-25,PHARMA,29.23315789473684
2024-12-26,PHARMA,29.185438596491228
2024-12-27,PHARMA,29.03736842105263
2024-12-30,PHARMA,29.083684210526314
2024-12-31,PHARMA,29.08280701754386
2025-01-02,PHARMA,29.46258620689655
2025-01-03,PHARMA,29.29448275862069
2025-01-06,PHARMA,29.061379310344822
2025-01-07,PHARMA,28.982241379310345
2025-01-08,PHARMA,29.138793103448275
2025-01-09,PHARMA,29.270172413793105
2025-01-10,PHARMA,29.187758620689657
2025-01-13,PHARMA,29.21051724137931
2025-01-14,PHARMA,29.39879310344828
2025-01-15,PHARMA,29.094655172413795
2025-01-16,PHARMA,29.208448275862068
2025-01-17,PHARMA,29.34896551724138
2025-01-20,PHARMA,29.25413793103448
2025-01-21,PHARMA,29.006724137931037
2025-01-22,PHARMA,29.27655172413793
2025-01-23,PHARMA,29.54827586206897
2025-01-24,PHARMA,29.70344827586207
2025-02-03,PHARMA,29.41620689655172
2025-02-04,PHARMA,29.756896551724136
2025-02-05,PHARMA,29.67620689655173
2025-02-06,PHARMA,29.84155172413793
2025-02-07,PHARMA,29.853620689655173
2025-02-10,PHARMA,30.020000000000003
2025-02-11,PHARMA,30.560344827586206
2025-02-12,PHARMA,30.31362068965517
2025-02-13,PHARMA,30.401724137931037
2025-02-14,PHARMA,30.54396551724138
2025-02-17,PHARMA,30.62586206896552
2025-02-18,PHARMA,30.52862068965517
2025-02-19,PHARMA,30.38241379310345
2025-02-20,PHARMA,30.599137931034484
2025-02-21,PHARMA,30.54293103448276
2025-02-24,PHARMA,30.52862068965517
2025-02-25,PHARMA,30.512241379310343
2025-02-26,PHARMA,30.510172413793104
2025-02-27,PHARMA,30.37913793103448
2025-02-28,PHARMA,30.74396551724138
2025-03-03,PHARMA,30.76534482758621
2025-03-04,PHARMA,30.87327586206897
2025-03-05,PHARMA,30.691724137931036
2025-03-06,PHARMA,30.83551724137931
2025-03-07,PHARMA,30.846551724137928
2025-03-10,PHARMA,30.886034482758618
2025-03-11,PHARMA,30.77293103448276
2025-03-12,PHARMA,30.857068965517243
2025-03-13,PHARMA,30.50379310344828
2025-03-14,PHARMA,30.79310344827586
2025-03-17,PHARMA,30.89051724137931
2025-03-18,PHARMA,30.947586206896556
2025-03-19,PHARMA,30.929310344827588
2025-03-20,PHARMA,31.017241379310345
2025-03-21,PHARMA,31.012758620689656
2025-03-24,PHARMA,30.69741379310345
2025-03-25,PHARMA,30.627758620689654
2025-03-26,PHARMA,30.84258620689655
2025-03-27,PHARMA,30.936206896551724
2025-03-28,PHARMA,30.904655172413797
2025-03-31,PHARMA,32.314499999999995
